야간접근_현재,야간접근_조치후,유형,이름,lon,lat,필요조치,운영시간,x,y,커버수요수,최근접집계구_m,선정
1.0,1.0,편의점,CU 부산영주터널점,129.0347774011242,35.11233263953616,없음(이미 24시간),,385510.20000103634,281452.4000050058,0,207.47736311932488,False
0.4,0.8,주유소,청구주유소,129.0512922645268,35.126229580130946,야간 무인 구역에 함체 설치,,386984.30000005907,283025.3999997142,0,549.8681269524462,False
1.0,1.0,소방서·안전센터,수정119안전센터,129.049210501344,35.129604538323,없음(24시간 상주),,386786.8000000166,283395.9999997188,0,174.84085125311452,False
1.0,1.0,소방서·안전센터,부두119안전센터,129.052225607411,35.1256135959894,없음(24시간 상주),,387070.80000007374,282958.799999717,0,604.4009608599176,False
1.0,1.0,파출소·지구대,부산동부경찰서,129.049101113252,35.1299668557547,없음(24시간 상주),,386776.0000010531,283436.0000049707,1,133.68425597286884,False
0.4,0.9,편의점,논스톱 진역점,129.048808823428,35.1293337723277,운영시간 확인 후 야간 개방 협의,,386750.800001035,283365.2000049754,0,195.92753968376792,False
1.0,1.0,편의점,세븐일레븐 부산일보점,129.048247415958,35.128597999258766,없음(이미 24시간),,386701.3000010453,283282.50000497483,0,277.81549468096597,False
1.0,1.0,편의점,CU 동구수정점,129.047194097421,35.1292439171609,없음(이미 24시간),,386603.8000000778,283352.19999971864,0,239.72665381458927,False
1.0,1.0,편의점,GS25 동아햇살점,129.030095797749,35.1134457103195,없음(이미 24시간),,385080.80000104895,281567.2000049973,0,446.4476563156102,False
0.4,0.6,마트,로또마트,129.04504517180837,35.123934476282436,영업시간 외 외벽 함체 설치,,386420.0000000582,282758.99999972177,1,76.87165049419195,False
0.4,0.6,마트,케이마트,129.046313537049,35.1247835898826,영업시간 외 외벽 함체 설치,,386533.70000106783,282855.6000049782,0,90.4711822533024,False
0.4,0.6,마트,슈퍼복권나라 수정점,129.045204865089,35.1275130268281,영업시간 외 외벽 함체 설치,,386426.40000104083,283156.4000049712,0,265.06249438015976,False
0.4,0.6,마트,파워C마트,129.040606902208,35.1299840660535,영업시간 외 외벽 함체 설치,,386001.60000106547,283422.0000049696,0,627.755694026504,False
0.4,0.6,마트,킹마트,129.043487924248,35.1295642224516,영업시간 외 외벽 함체 설치,,386265.2000010114,283380.8000049752,0,451.98726501024663,False
0.4,0.6,마트,탑세일마트,129.045966520496,35.1275731612471,영업시간 외 외벽 함체 설치,,386495.70000003005,283164.4999997162,0,287.90493900965436,False
0.4,0.6,마트,코사마트 부일점,129.045135894594,35.1277376810127,영업시간 외 외벽 함체 설치,,386419.6000010528,283181.2000049788,0,289.24868770256865,False
0.4,0.8,주유소,CJ대한통운 부산주유소,129.054046476381,35.1266641395133,야간 무인 구역에 함체 설치,,387234.40000107046,283078.80000497843,0,556.724161775019,False
0.4,0.9,편의점,그린마트,129.04592715101,35.1323563270557,운영시간 확인 후 야간 개방 협의,,386481.2000010592,283695.2000049723,0,75.85255905074013,False
0.4,0.7,도시철도역,부산진역 부산1호선,129.04786649362282,35.12779789319554,역사 외부 개방구역에 설치,,386668.40000104334,283193.0000049762,0,370.6127344024465,False
1.0,1.0,편의점,세븐일레븐 경남여고맘보점,129.044833687611,35.1307418717278,없음(이미 24시간),,386385.2000010697,283514.0000049739,0,273.31546132284177,False
1.0,1.0,편의점,GS25 동구사루비아점,129.042433991142,35.133568766432,없음(이미 24시간),,386160.00000102504,283823.2000049658,0,337.2599275301431,False
1.0,1.0,편의점,GS25 부산동구청점,129.045756144254,35.1301252187314,없음(이미 24시간),,386470.7000010277,283447.3000049737,0,277.3948990330711,False
0.4,0.6,마트,창녕상회,129.04213940495,35.1309098775608,영업시간 외 외벽 함체 설치,,386139.20000104187,283527.60000497376,0,456.3854691747184,False
0.4,0.6,마트,킹마트 수정점,129.041137724817,35.1321334240146,영업시간 외 외벽 함체 설치,,386045.1000010079,283661.5000049614,0,505.8907219330555,False
0.1,1.0,경로당,만리노인정,129.03905588913562,35.1325812180786,★ 외벽 24시간 함체 설치,,385854.30000103905,283707.30000496644,0,663.6268216234974,False
0.4,0.8,주유소,대양대박주유소,129.05484342447,35.1300930829292,야간 무인 구역에 함체 설치,,387299.20000108273,283460.8000049713,0,274.7971360867604,False
1.0,1.0,파출소·지구대,부산경찰청 제7기동대,129.05386857252847,35.12936344778841,없음(24시간 상주),,387212.00000104745,283378.00000497274,0,280.99601268070586,False
1.0,1.0,파출소·지구대,남해지방해양경찰청,129.0552687979474,35.12746527411521,없음(24시간 상주),,387344.0000010477,283170.00000497594,0,526.8122164668107,False
0.4,0.6,마트,농수산물과일마트 3호점,129.048128156028,35.130361799098,영업시간 외 외벽 함체 설치,,386686.4000010276,283478.0000049754,1,89.81090032341412,False
0.4,0.6,마트,만남의장소,129.046448564099,35.1300477389174,영업시간 외 외벽 함체 설치,,386534.0000010808,283440.00000497344,0,224.7627175010313,False
0.1,1.0,경로당,한국실버재가복지센터,129.046848986579,35.129392133065,★ 외벽 24시간 함체 설치,,386572.0000010707,283368.00000497577,0,244.6583069569755,False
0.1,1.0,경로당,정다운노인재가센터,129.047570729952,35.1299602890877,★ 외벽 24시간 함체 설치,,386636.5000010908,283432.40000497346,0,154.4426559261105,False
0.1,1.0,경로당,럭키주간복지센터,129.049691629004,35.1301127682864,★ 외벽 24시간 함체 설치,,386829.5000010778,283453.30000497214,1,149.26543562131332,False
0.1,1.0,경로당,수남경로당,129.051830079868,35.1269864655929,★ 외벽 24시간 함체 설치,,387031.60000108264,283110.40000497433,0,490.42152362859235,False
0.4,0.6,마트,창녕상회,129.041228814735,35.1278729629673,영업시간 외 외벽 함체 설치,,386063.1000010274,283188.90000497893,0,399.463851259477,False
0.1,1.0,공공시설,부산수정동우체국,129.04564647233929,35.12731993025056,★ 외벽 24시간 함체 설치,,386467.1000000589,283135.7999997215,0,252.0247950681431,False
0.1,1.0,경로당,새봄재가복지센터,129.04176966464,35.1276124228381,★ 외벽 24시간 함체 설치,,386113.0000000772,283160.9999997255,0,372.9361432737645,False
0.1,1.0,경로당,미소들재가복지센터,129.04581804869875,35.12501454638359,★ 외벽 24시간 함체 설치,,386488.00000005955,282880.2999997209,0,87.62736697744663,False
1.0,1.0,편의점,GS25 초량일신점,129.045758503641,35.1247388929666,없음(이미 24시간),,386483.2000010017,282849.60000497336,0,76.98237663349613,False
1.0,1.0,편의점,GS25 부산고관점,129.04454611243,35.1263039626926,없음(이미 24시간),,386369.1000000285,283020.9999997237,0,132.42210366833487,False
0.4,0.6,마트,일성슈퍼,129.040984498791,35.1266541917793,영업시간 외 외벽 함체 설치,,386043.6000010492,283053.20000497956,0,265.7189643967859,False
0.4,0.6,마트,코사마트 미화당수정점,129.039990095928,35.1274207131573,영업시간 외 외벽 함체 설치,,385951.20000106737,283136.4000049808,0,369.13674408520484,False
0.4,0.6,마트,대일마트 수정동점,129.038300127729,35.1272148532903,영업시간 외 외벽 함체 설치,,385797.6000010768,283110.4000049722,0,348.8534227782905,False
0.1,1.0,공공시설,동구노인종합복지관 운동장,129.0397676517913,35.12589066711631,★ 외벽 24시간 함체 설치,,385934.4000010387,282966.2000049794,0,227.50675209887052,False
0.1,1.0,경로당,다은재가복지센터,129.03613301687776,35.12471810281835,★ 외벽 24시간 함체 설치,,385605.7000010372,282829.3000049826,2,137.06613125052579,False
0.1,1.0,경로당,동구노인종합복지관 본관,129.040419363593,35.1258094017898,★ 외벽 24시간 함체 설치,,385994.0000010757,282958.400004977,0,188.43002805693882,False
0.1,1.0,경로당,수정4동 노인회,129.040370405943,35.1282433849828,★ 외벽 24시간 함체 설치,,385984.00000100385,283228.4000049724,0,448.6382166078935,False
0.1,1.0,주민센터,수정4동행정복지센터,129.04070404382642,35.1271076986765,★ 외벽 24시간 함체 설치,,386017.0000010381,283103.00000497606,0,319.1642732199819,False
1.0,1.0,편의점,CU 수정진미점,129.041083215243,35.1275329715608,없음(이미 24시간),,386050.60000099696,283150.9000049713,0,362.22242934110517,False
1.0,1.0,편의점,CU 초량대박점,129.04013610344,35.1243038107594,없음(이미 24시간),,385971.60000103107,282790.8000049842,5,68.72380078336877,False
1.0,1.0,편의점,GS25 수정동일점,129.0388913956525,35.12523674826697,없음(이미 24시간),,385856.0000000585,282891.9999997287,1,141.23672115285964,False
0.4,0.6,마트,서원탑훼밀리마트,129.034763373335,35.1261424342244,영업시간 외 외벽 함체 설치,,385477.6000000949,282984.79999973765,1,44.52832379682628,False
0.4,0.6,마트,다감슈퍼,129.03446300111,35.1262375957177,영업시간 외 외벽 함체 설치,,385450.0000010636,282994.8000049775,1,36.797860397174944,False
1.0,1.0,편의점,이마트24 초량대로점,129.044438861595,35.124602562629,없음(이미 24시간),,386363.2000010002,282832.00000497856,0,71.49031576626368,False
1.0,1.0,편의점,CU 초량반도보라점,129.04609936047774,35.12442133247591,없음(이미 24시간),,386515.0000010436,282815.0000049818,0,45.77257365190612,False
1.0,1.0,편의점,GS25 동구협성휴포레점,129.046437434566,35.1277184063448,없음(이미 24시간),,386538.3000000176,283181.4999997222,0,319.82585111810425,False
0.1,1.0,경로당,고관경로당,129.043324779761,35.1254936891805,★ 외벽 24시간 함체 설치,,386259.600001003,282928.80000497896,0,146.20014834967233,False
0.1,1.0,경로당,조은실버복지센터,129.0436836397539,35.12975827702506,★ 외벽 24시간 함체 설치,,386282.60000104114,283402.7000049703,0,424.0164621665131,False
0.1,1.0,경로당,부산시 동구 치매안심센터,129.0450018273519,35.12834192491337,★ 외벽 24시간 함체 설치,,386406.0000010431,283248.0000049735,0,355.4968189523827,False
0.1,1.0,경로당,부산광역시 중부노인보호전문기관,129.046463729643,35.125920130575,★ 외벽 24시간 함체 설치,,386544.8000010004,282982.0000049738,0,169.1626675123642,False
0.1,1.0,경로당,대주재가복지센터,129.045778752963,35.1253729740979,★ 외벽 24시간 함체 설치,,386483.60000102216,282920.00000497873,0,86.82721877850233,False
0.1,1.0,경로당,수운경로당,129.040112715806,35.1298734347046,★ 외벽 24시간 함체 설치,,385956.80000101705,283408.8000049668,0,630.8330850007658,False
0.1,1.0,경로당,남성경로당,129.041220890296,35.1282146397567,★ 외벽 24시간 함체 설치,,386061.6000010038,283226.8000049744,0,437.3934289957924,False
0.4,0.8,주유소,지에스칼텍스,129.044792296216,35.1239982216184,야간 무인 구역에 함체 설치,,386396.80000108504,282765.6000049816,1,98.99598826254207,False
1.0,1.0,편의점,CU 수정온사랑점,129.044145573093,35.1286663774917,없음(이미 24시간),,386327.20000100357,283282.4000049719,0,396.83142156030823,False
0.4,0.8,주유소,SK행복충전 개인택시중앙LPG충전소,129.046171900416,35.1256547089652,야간 무인 구역에 함체 설치,,386518.8000010459,282952.0000049851,0,131.7517790999942,False
0.1,1.0,주민센터,수정2동행정복지센터,129.042620293489,35.1299609499254,★ 외벽 24시간 함체 설치,,386185.2000010167,283423.20000497054,0,476.7468079502698,False
0.1,1.0,주민센터,수정1동행정복지센터,129.042265410415,35.1254142249488,★ 외벽 24시간 함체 설치,,386163.2000010804,282918.0000049788,0,154.01996886443212,False
0.1,1.0,공공시설,부산광역시 동구청,129.045305770386,35.1292668001141,★ 외벽 24시간 함체 설치,,386431.60000108334,283351.200004975,0,359.29313765113915,False
1.0,1.0,편의점,GS25 수정서로점,129.04237536252458,35.130343570369355,없음(이미 24시간),,386162.0000010402,283465.20000497106,0,469.14121935827666,False
0.4,0.9,편의점,프레전트 수정점,129.04564846665,35.1303811664855,운영시간 확인 후 야간 개방 협의,,386460.30000102986,283475.5000049677,0,273.4527281609254,False
0.1,1.0,주민센터,수정5동행정복지센터,129.0423981867144,35.1338919884012,★ 외벽 24시간 함체 설치,,386156.0000000584,283858.99999972474,0,333.1166623119179,False
0.1,1.0,경로당,나눔재가복지센터,129.035358668853,35.1262180461485,★ 외벽 24시간 함체 설치,,385531.70000106585,282994.3000049782,1,97.0561761904996,True
0.1,1.0,경로당,안심생활 중앙점,129.05093058341,35.1399280359767,★ 외벽 24시간 함체 설치,,386920.000001007,284544.80000495334,0,342.5163750208204,False
1.0,1.0,편의점,세븐일레븐 부산동구동양점,129.05322070536678,35.139163801044994,없음(이미 24시간),,387130.50000005926,284464.2999997109,0,327.85731744520893,False
0.4,0.6,마트,동신할인마트,129.04822266676993,35.13846890566437,영업시간 외 외벽 함체 설치,,386676.5000000602,284377.79999971844,1,70.6964580334411,False
0.4,0.6,마트,좌천할인마트,129.047376410928,35.1367872151734,영업시간 외 외벽 함체 설치,,386603.200001064,284189.6000049603,2,114.25444964559824,False
0.4,0.6,마트,만복상회,129.046078953593,35.1366685547794,영업시간 외 외벽 함체 설치,,386485.20000107656,284174.0000049591,1,135.7710183104147,False
0.1,1.0,경로당,수정노인재가센터,129.047595303393,35.1372485176895,★ 외벽 24시간 함체 설치,,386622.1000010135,284241.20000496355,1,83.52261872026847,True
0.1,1.0,경로당,수동경로당,129.04621148535827,35.137405273496015,★ 외벽 24시간 함체 설치,,386495.60000104085,284256.000004958,0,184.93960632656854,False
1.0,1.0,편의점,GS25 동의대상대점,129.03311657114446,35.139581300272525,없음(이미 24시간),,385297.000001035,284473.0000049531,0,1311.179817055333,False
0.4,0.6,마트,미미쿡마트,129.057859148003,35.1331977770465,영업시간 외 외벽 함체 설치,,387567.0000000991,283810.99999971164,0,269.8910659582116,False
0.4,0.6,마트,성남슈퍼,129.055493012001,35.1328937023604,영업시간 외 외벽 함체 설치,,387352.0000010241,283772.80000496993,1,141.70934386960855,False
0.1,1.0,공공시설,우체국365코너,129.055278401031,35.1355711033388,★ 외벽 24시간 함체 설치,,387326.30000008387,284069.4999997143,1,141.53374138753082,False
0.1,1.0,경로당,수정노인재가복지센터,129.05565076827,35.1327982053582,★ 외벽 24시간 함체 설치,,387366.6000000648,283762.49999970495,0,155.81708008423558,False
0.1,1.0,경로당,사랑채주간보호센터,129.05431103407,35.133876197532,★ 외벽 24시간 함체 설치,,387242.0000010673,283879.60000496305,2,79.79584197631964,False
0.1,1.0,경로당,좌일경로당,129.05396183304,35.1360449177704,★ 외벽 24시간 함체 설치,,387205.2000010613,284119.6000049548,2,25.918064884326185,True
0.4,0.7,도시철도역,좌천역 부산1호선,129.054455383044,35.1343820073548,역사 외부 개방구역에 설치,,387254.00000104634,283936.00000496797,1,67.16353367314915,False
0.1,1.0,경로당,증산경로당,129.052603375342,35.1394383049272,★ 외벽 24시간 함체 설치,,387073.60000109125,284493.60000495065,0,372.7764589197817,False
0.1,1.0,경로당,지혜실버홈,129.054805907592,35.138027586552,★ 외벽 24시간 함체 설치,,387277.60000102903,284341.2000049571,0,208.12055718568968,False
1.0,1.0,파출소·지구대,수성지구대,129.043553981456,35.1348403515361,없음(24시간 상주),,386259.20000102575,283966.4000049565,0,230.45003294372606,False
1.0,1.0,파출소·지구대,범일1동청년회방범초소,129.053908662712,35.1388187068904,없음(24시간 상주),,387194.000001054,284427.30000495596,0,282.1305079556225,False
0.4,0.6,마트,펫마트 범일점,129.056940369525,35.1389718287795,영업시간 외 외벽 함체 설치,,387470.00000105385,284450.0000049508,0,402.46114217837004,False
0.4,0.6,마트,산청마트,129.055859393446,35.1390875056099,영업시간 외 외벽 함체 설치,,387371.200001072,284460.80000495096,0,355.5817283253678,False
0.4,0.6,마트,미화당슈퍼,129.055535052109,35.136659862807,영업시간 외 외벽 함체 설치,,387347.20000106975,284190.8000049563,1,147.46293425371337,False
0.1,1.0,경로당,행복노인복지센터,129.055989791608,35.1389942746952,★ 외벽 24시간 함체 설치,,387383.30000006827,284450.6999997089,0,352.5529044605412,False
0.1,1.0,경로당,동구케어 노인주간보호센터,129.056942795817,35.1373244574734,★ 외벽 24시간 함체 설치,,387474.00000102696,284267.2000049573,0,293.5528466191252,False
0.1,1.0,경로당,범일1동널박경로당,129.055403209749,35.1399675751233,★ 외벽 24시간 함체 설치,,387327.6000010435,284557.6000049556,0,429.45304280301275,False
0.1,1.0,경로당,한성기린프라자아파트 경로당,129.056936255219,35.1389827126254,★ 외벽 24시간 함체 설치,,387469.6000010614,284451.20000495104,0,403.10911879364954,False
1.0,1.0,파출소·지구대,좌천파출소,129.056005354933,35.1372142088199,없음(24시간 상주),,387388.8000010812,284253.2000049555,0,211.42920660963463,False
1.0,1.0,편의점,GS25 한성기린점,129.05682782064088,35.13938196766054,없음(이미 24시간),,387458.8000000617,284495.2999997059,0,431.10275749584724,False
0.4,0.6,마트,태양수퍼마켙,129.053333592288,35.1372378982922,영업시간 외 외벽 함체 설치,,387145.2000010484,284250.8000049557,1,122.06587407061848,False
0.4,0.6,마트,문화슈퍼,129.05354886214351,35.13694227134682,영업시간 외 외벽 함체 설치,,387165.5000010473,284218.4000049587,2,83.85674925566234,False
0.4,0.6,마트,럭키 수퍼마켓,129.051334177345,35.1397481780359,영업시간 외 외벽 함체 설치,,386957.20000104187,284525.60000494926,0,358.18749218651567,False
0.4,0.6,마트,근대화수퍼,129.0480076474,35.1392133003843,영업시간 외 외벽 함체 설치,,386655.2000010024,284460.0000049541,0,153.8950837642785,False
0.4,0.6,마트,범일할인마트,129.049633945557,35.1397129760311,영업시간 외 외벽 함체 설치,,386802.3000010494,284518.5000049486,0,247.57723287126876,False
0.4,0.8,주유소,대양씨앤씨직영주유소,129.057280755272,35.131050209587,야간 무인 구역에 함체 설치,,387519.2000010708,283571.60000497557,0,370.26254173659675,False
0.4,0.6,마트,GS더프레시 부산하버시티점,129.05673724759,35.1325121179664,영업시간 외 외벽 함체 설치,,387466.30000104173,283732.800004968,0,232.31716519919948,False
1.0,1.0,편의점,GS25 동부점,129.054273190458,35.135513357144,없음(이미 24시간),,387234.80000107066,284061.2000049556,2,88.76895671010233,False
0.4,0.6,마트,동행복권판매점 동원드림마트,129.05134891246405,35.13255391550306,영업시간 외 외벽 함체 설치,,386975.0000000597,283727.2999997139,4,22.666517460154424,False
1.0,1.0,편의점,CU 부산항일동점,129.05249367492632,35.13174870809546,없음(이미 24시간),,387081.2000010469,283640.1000049677,2,56.48386923416628,False
0.4,0.6,마트,두리마트,129.0481652344811,35.13271772605299,영업시간 외 외벽 함체 설치,,386684.40000104334,283739.50000496604,1,68.1514460193392,False
0.4,0.6,마트,세미마트,129.045777668921,35.1353254964103,영업시간 외 외벽 함체 설치,,386460.8000009981,284024.4000049602,2,110.5594905940258,False
0.4,0.6,마트,서원할인마트,129.044444937635,35.1350235754349,영업시간 외 외벽 함체 설치,,386340.0000010401,283988.4000049596,0,161.1569565397745,False
0.1,1.0,공공시설,부산수정5동 우편취급국,129.044317047447,35.1351735252957,★ 외벽 24시간 함체 설치,,386328.0000010327,284004.8000049626,0,179.46532785944802,False
0.1,1.0,경로당,수호천사재가복지센터,129.0460280574756,35.13494187597877,★ 외벽 24시간 함체 설치,,386484.5000000602,283982.29999972024,2,65.96750132058074,False
0.1,1.0,경로당,금오재가복지센터,129.045447212436,35.1306675314776,★ 외벽 24시간 함체 설치,,386441.3000000821,283506.89999972325,0,251.09244995650891,False
0.1,1.0,경로당,효노인재가복지센터,129.046056026707,35.1328597057734,★ 외벽 24시간 함체 설치,,386491.8000010318,283751.3000049662,0,56.10161286536321,False
0.1,1.0,경로당,박가네재가복지센터,129.046162584839,35.1348819290338,★ 외벽 24시간 함체 설치,,386496.9000000142,283975.8999997212,3,60.91671831704138,True
0.1,1.0,경로당,다복재가복지센터,129.0440887752214,35.134818712408425,★ 외벽 24시간 함체 설치,,386308.0000010419,283965.0000049638,0,182.7449950509655,False
0.1,1.0,경로당,간호박사종합재가센터,129.04472588003773,35.13064185931566,★ 외벽 24시간 함체 설치,,386375.60000104224,283502.70000497164,0,288.10095255247154,False
0.1,1.0,경로당,큰사랑재가복지센터,129.04275913904797,35.1338498556296,★ 외벽 24시간 함체 설치,,386189.0000000587,283854.9999997248,0,301.45109643709935,False
0.1,1.0,경로당,능풍장부녀경로당,129.04724612881,35.1321105548376,★ 외벽 24시간 함체 설치,,386602.00000100763,283670.4000049674,0,46.67149166886612,False
0.1,1.0,경로당,수정부녀경로당,129.044859009114,35.1322806400229,★ 외벽 24시간 함체 설치,,386384.00000100443,283684.80000496696,0,169.28908654811235,False
0.1,1.0,경로당,수오부녀경로당,129.04124875901238,35.134427731535354,★ 외벽 24시간 함체 설치,,386050.00000104244,283916.3000049632,0,434.14567861396375,False
1.0,1.0,편의점,GS25 좌천아이유점,129.053899416447,35.1326873291088,없음(이미 24시간),,387207.2000010549,283746.9000049686,1,53.175207145650184,False
0.4,0.6,마트,홈플러스익스프레스 좌천점,129.048613064155,35.1309772083417,영업시간 외 외벽 함체 설치,,386729.2000010089,283547.2000049685,2,13.041373854473068,False
0.1,1.0,주민센터,범일5동행정복지센터,129.053810360658,35.1305395563396,★ 외벽 24시간 함체 설치,,387204.00000102783,283508.4000049746,0,187.60621743680528,False
0.4,0.6,마트,대구슈퍼,129.050301947288,35.1314857328719,영업시간 외 외벽 함체 설치,,386882.0000010673,283606.8000049666,2,74.43098141994845,False
0.4,0.6,마트,세진슈퍼,129.04973871958967,35.13601641974894,영업시간 외 외벽 함체 설치,,386820.3000010461,284108.5000049606,2,33.26023660747247,True
0.4,0.6,마트,거제슈퍼,129.053056263344,35.1342327033418,영업시간 외 외벽 함체 설치,,387126.8000010692,283916.8000049618,1,33.94957393435187,False
0.4,0.6,마트,금성슈퍼,129.051411791199,35.1354969629335,영업시간 외 외벽 함체 설치,,386974.00000103377,284054.0000049604,1,87.43562808549868,False
0.4,0.6,마트,진주슈퍼,129.0539550061304,35.13110123447137,영업시간 외 외벽 함체 설치,,387215.90000104706,283571.0000049684,1,140.78973359706686,False
0.4,0.6,마트,진주상회,129.049886579116,35.134782022478,영업시간 외 외벽 함체 설치,,386836.6000000333,283971.799999712,3,80.24622042054531,True
0.4,0.6,마트,동원드림마트,129.05140014251,35.1325845888971,영업시간 외 외벽 함체 설치,,386979.6000010418,283730.8000049659,4,24.63539267339049,False
0.4,0.6,마트,그린할인마트,129.049358602615,35.1330625167614,영업시간 외 외벽 함체 설치,,386792.4000010367,283780.00000496017,2,93.73824630003338,False
0.1,1.0,주민센터,좌천동행정복지센터,129.04912604308345,35.131399290783705,★ 외벽 24시간 함체 설치,,386775.0000010452,283595.00000496855,2,61.850880933554386,False
1.0,1.0,파출소·지구대,좌천동방범초소,129.04909347379,35.1308438212155,없음(24시간 상주),,386773.30000108876,283533.30000496755,1,55.35421465898302,False
0.1,1.0,주민센터,무인민원발급창구 좌천동행정복지센터,129.049154325939,35.1313898007107,★ 외벽 24시간 함체 설치,,386777.60000107356,283594.0000049714,2,63.441374822941256,False
0.1,1.0,경로당,누림재가복지센터,129.05056000545224,35.13149668497798,★ 외벽 24시간 함체 설치,,386905.5000010452,283608.50000496826,4,53.55524904281316,True
0.1,1.0,경로당,쉼터경로당,129.0499409222516,35.13143687122799,★ 외벽 24시간 함체 설치,,386849.20000104554,283600.70000496943,3,106.82078725322279,False
0.4,0.8,주유소,SK행복충전 개인택시남부LPG충전소,129.054707162885,35.1306072567522,야간 무인 구역에 함체 설치,,387285.6000010841,283517.6000049662,0,218.4761900138412,False
0.4,0.8,주유소,구도일주유소 부산진,129.05179875162932,35.131245913417985,야간 무인 구역에 함체 설치,,387019.00000104564,283583.00000496884,1,28.019591265322752,False
0.1,1.0,공공시설,부산초량6동 우편취급국,129.03509327902,35.1259999151113,★ 외벽 24시간 함체 설치,,385508.0000010675,282969.6000049771,1,67.55808364863053,False
0.4,0.6,마트,열쇠마트,129.04502862328977,35.128009842463364,영업시간 외 외벽 함체 설치,,386409.2000010414,283211.2000049753,0,318.7644558369756,False
0.1,1.0,경로당,정화경로당,129.034214533474,35.1261264179193,★ 외벽 24시간 함체 설치,,385427.6000009924,282982.0000049738,1,26.710686168645623,False
0.4,0.7,도시철도역,부산역 부산1호선,129.039344263316,35.1145412381182,역사 외부 개방구역에 설치,,385921.60000105645,281706.000005006,1,132.8239775495645,False
1.0,1.0,파출소·지구대,역전치안센터,129.04096397375463,35.11563412303635,없음(24시간 상주),,386066.8000000594,281830.2999997274,0,186.3771510597653,False
0.1,1.0,주민센터,초량2동행정복지센터,129.03846575212268,35.116520574904854,★ 외벽 24시간 함체 설치,,385837.000001039,281924.0000049954,0,69.11569832828903,False
1.0,1.0,파출소·지구대,초량지구대,129.037478596119,35.1178384701824,없음(24시간 상주),,385744.0000010504,282068.400004997,2,33.86541737290259,False
0.1,1.0,주민센터,초량1동행정복지센터,129.036978077137,35.1139466133302,★ 외벽 24시간 함체 설치,,385707.20000103454,281635.6000050006,4,56.95316632638481,True
0.4,0.6,마트,탑마트 초량점,129.039433417367,35.1167097586783,영업시간 외 외벽 함체 설치,,385924.80000107666,281946.800004996,0,24.867924818626783,False
1.0,1.0,편의점,CU M부산역점,129.03959575376453,35.114994800343716,없음(이미 24시간),,385943.5000000591,281756.79999972833,0,103.20452239895316,False
0.4,0.9,편의점,SM24,129.038936678549,35.116141368716,운영시간 확인 후 야간 개방 협의,,385880.80000108154,281882.8000050017,0,44.17194650384103,False
0.4,0.9,편의점,스토리웨이 부산역점,129.04121673688385,35.11477555490836,운영시간 확인 후 야간 개방 협의,,386091.8000000579,281735.499999727,0,228.72023537028585,False
0.4,0.9,편의점,"부산5,6홈타는곳 직영편의점",129.041394210706,35.1150753586842,운영시간 확인 후 야간 개방 협의,,386107.3000009995,281769.1000049969,0,237.11390931969518,False
1.0,1.0,편의점,GS25 발리아쿠아랜드점,129.037984425918,35.1155139520441,없음(이미 24시간),,385795.40000008314,281811.3999997301,2,89.45371810570872,False
1.0,1.0,편의점,GS25 부산은성점,129.039263327724,35.1118661196919,없음(이미 24시간),,385920.3000001002,281408.99999972654,0,155.91743837480564,False
1.0,1.0,편의점,CU 부산역BRT점,129.039847621707,35.1160791757219,없음(이미 24시간),,385964.00000101223,281877.6000049952,0,92.04800502044137,False
1.0,1.0,편의점,이마트24 초량상해점,129.03802333449087,35.113729878347776,없음(이미 24시간),,385803.00000005733,281613.49999973254,4,72.78224245449631,False
1.0,1.0,편의점,CU 리마크빌부산역점,129.038582080123,35.113882690409,없음(이미 24시간),,385853.60000106046,281631.5000049984,4,96.24103891249818,False
0.4,0.8,주유소,삼현석유 천일주유소,129.03875916869,35.11236303849652,야간 무인 구역에 함체 설치,,385873.20000103733,281463.2000050046,2,84.28714583398282,False
0.1,1.0,경로당,초일경로당,129.034635942929,35.1171400669986,★ 외벽 24시간 함체 설치,,385486.40000100486,281985.60000499064,3,93.96803823399468,True
1.0,1.0,편의점,이마트24 부산역아스티점,129.04185278987842,35.116003948709285,없음(이미 24시간),,386147.0000000579,281872.999999726,0,258.8172923042207,False
0.1,1.0,경로당,일팔경로당,129.035183324594,35.1179815806378,★ 외벽 24시간 함체 설치,,385534.40000099695,282080.00000499544,2,69.09415310240286,False
0.4,0.6,마트,부동산마트,129.038392290817,35.1115473415884,영업시간 외 외벽 함체 설치,,385841.60000105324,281372.00000500283,0,152.1658889966683,False
0.4,0.6,마트,코사마트 새들슈퍼,129.039448402378,35.1171348593458,영업시간 외 외벽 함체 설치,,385925.2000009953,281994.0000049924,0,49.17220258429748,False
0.4,0.6,마트,나들가게 신동마트,129.034439330704,35.1173488356169,영업시간 외 외벽 함체 설치,,385468.0000009942,282008.4000049898,2,68.8335371293503,False
0.4,0.6,마트,신동슈퍼,129.039076340716,35.1147043532576,영업시간 외 외벽 함체 설치,,385896.8000010549,281723.6000049979,1,116.16236807569152,False
0.4,0.6,마트,부산슈퍼 부산역점,129.03819057802264,35.113839711882186,영업시간 외 외벽 함체 설치,,385818.00000103813,281626.0000050014,4,91.57028906964042,False
0.4,0.6,마트,나들가게 대일마트,129.036784129792,35.1108696660494,영업시간 외 외벽 함체 설치,,385696.500001014,281293.8000050057,0,255.17969913068757,False
0.4,0.6,마트,부영할인마트,129.036370417061,35.1152653290582,영업시간 외 외벽 함체 설치,,385648.8000010211,281780.8000050026,5,64.24446070994242,False
0.4,0.6,마트,아웅산아시아마트,129.039820376305,35.1128750681073,영업시간 외 외벽 함체 설치,,385968.80000106606,281522.0000050037,1,64.22805555550701,False
0.4,0.6,마트,신성상회,129.037662440937,35.1130663768702,영업시간 외 외벽 함체 설치,,385771.60000103957,281539.20000500005,2,44.30511418461478,False
0.4,0.6,마트,축협알뜰마트,129.037032225799,35.1125975492727,영업시간 외 외벽 함체 설치,,385715.2000010464,281486.0000050066,2,102.23742086012618,False
0.1,1.0,공공시설,부산중앙동4가우체국,129.0388701296572,35.111490639201335,★ 외벽 24시간 함체 설치,,385885.30000005907,281366.599999729,0,171.12001141791586,False
0.1,1.0,경로당,애덕의집,129.036890767056,35.1144923890497,★ 외벽 24시간 함체 설치,,385698.000001058,281696.00000499695,4,66.80948729973433,False
0.1,1.0,경로당,예사랑노인복지센터,129.04004921782527,35.113959831038144,★ 외벽 24시간 함체 설치,,385987.20000104007,281642.8000050014,1,89.64510041064706,False
0.1,1.0,경로당,빛과소금복지재단,129.0373187773747,35.11679399596907,★ 외벽 24시간 함체 설치,,385731.8000010373,281952.2000049972,4,98.87124544938024,True
0.1,1.0,경로당,굿모닝주야간보호센터,129.036394089174,35.1123829820231,★ 외벽 24시간 함체 설치,,385657.50000100536,281461.0000049987,1,147.52303919035583,False
1.0,1.0,편의점,GS25 초량차이나타운점,129.03820386691953,35.115297584515446,없음(이미 24시간),,385815.9000010389,281787.80000499816,1,82.28481536964048,False
1.0,1.0,편의점,세븐일레븐 중앙센터점,129.038669953286,35.1101909120296,없음(이미 24시간),,385870.0000010235,281222.00000500405,0,304.82840517131746,False
1.0,1.0,편의점,세븐일레븐 초량오거리점,129.038277600605,35.1166282760221,없음(이미 24시간),,385819.60000105645,281935.60000499315,0,82.34787652923879,False
1.0,1.0,편의점,이마트24 부산역광장점,129.040506549748,35.1136520404137,없음(이미 24시간),,386029.6000010763,281609.5000050024,1,105.56521530173345,False
0.1,1.0,공공시설,서구종합사회복지관,129.026028806108,35.1111274688493,★ 외벽 24시간 함체 설치,,384715.20000105,281302.40000500425,0,836.5294627877619,False
0.1,1.0,경로당,부산실버재가노인복지센터,129.030775107533,35.1100170768222,★ 외벽 24시간 함체 설치,,385150.50000101945,281188.0000050119,0,636.1132570381782,False
0.1,1.0,경로당,효나눔노인복지센터,129.031897440392,35.1132145511899,★ 외벽 24시간 함체 설치,,385245.6000010414,281544.9000049974,0,362.8332657211816,False
0.1,1.0,경로당,부산중구시니어클럽,129.029554116047,35.1118579042114,★ 외벽 24시간 함체 설치,,385035.0000000957,281389.99999974394,0,607.9739131813077,False
0.1,1.0,경로당,중구노인복지관 분관,129.032493854723,35.1102045425865,★ 외벽 24시간 함체 설치,,385306.80000105465,281212.0000050128,0,517.8869333112954,False
0.1,1.0,경로당,영주아파트 새마을노인회,129.030078725744,35.1125808696177,★ 외벽 24시간 함체 설치,,385081.20000105305,281471.20000500866,0,515.7703704077207,False
0.1,1.0,경로당,영주2동 원로의집,129.03206199084195,35.11401113245497,★ 외벽 24시간 함체 설치,,385258.8000010353,281633.60000500066,0,279.3118387479948,False
0.1,1.0,경로당,동산경로당,129.027011007028,35.1128809493685,★ 외벽 24시간 함체 설치,,384800.8000010043,281498.80000500253,0,624.8430495967566,False
1.0,1.0,파출소·지구대,영주파출소,129.032189690438,35.1119110594887,없음(24시간 상주),,385275.2000010485,281400.80000500544,0,401.69875079805985,False
0.1,1.0,주민센터,영주1동주민센터,129.035030119211,35.1111172192422,★ 외벽 24시간 함체 설치,,385536.0000010005,281318.0000050083,0,328.4438077654295,False
0.1,1.0,주민센터,영주2동주민센터,129.031816971424,35.1115640496331,★ 외벽 24시간 함체 설치,,385242.00000101695,281361.60000500176,0,451.8862313229451,False
1.0,1.0,편의점,GS25 부산영주점,129.03524615974422,35.11098472315226,없음(이미 24시간),,385556.000001037,281303.70000500674,0,334.71745805933045,False
1.0,1.0,편의점,GS25 민주전망대점,129.03288925824,35.1151723858462,없음(이미 24시간),,385331.6000010149,281764.0000050004,1,130.66087485393902,False
1.0,1.0,편의점,이마트24 부산금호점,129.0305666857577,35.111561576745984,없음(이미 24시간),,385128.00000005716,281358.99999973754,0,547.4432570936006,False
1.0,1.0,편의점,GS25 부산터널점,129.032556596558,35.1123771205021,없음(이미 24시간),,385307.60000107123,281453.20000501047,0,345.16752653957644,False
0.1,1.0,공공시설,부산대영우편취급국,129.033446395377,35.1128776629694,★ 외벽 24시간 함체 설치,,385387.60000105214,281510.4000050095,0,246.97155209918705,False
0.4,0.6,마트,탑세일마트 영주점,129.03046819492192,35.112012011706874,영업시간 외 외벽 함체 설치,,385118.0000010326,281408.8000050038,0,532.5512279834999,False
1.0,1.0,편의점,GS25 부산시티점,129.0398788560586,35.11425287639726,없음(이미 24시간),,385971.000001036,281675.00000500097,1,109.35947000856139,False
1.0,1.0,편의점,세븐일레븐 부산중앙대로점,129.03746370927473,35.110723065600716,없음(이미 24시간),,385758.8000000578,281278.7999997306,0,248.27630889183942,False
1.0,1.0,편의점,세븐일레븐 부산역점,129.03871499026457,35.11516732759645,없음(이미 24시간),,385862.80000005785,281774.2999997301,1,66.74813590973466,False
1.0,1.0,편의점,GS25 부산차이나타운점,129.037075725297,35.114168462472,없음(이미 24시간),,385715.6000010079,281660.4000050047,4,76.83583896057743,False
1.0,1.0,편의점,CU 나눔라마다호텔점,129.0404250190171,35.11425269243377,없음(이미 24시간),,386020.8000010393,281676.00000500237,1,136.7107936305997,False
1.0,1.0,편의점,GS25 부산역점,129.03953998723458,35.11557339004059,없음(이미 24시간),,385937.10000103805,281820.90000499756,0,59.20750656030041,False
1.0,1.0,편의점,CU 부산역광장점,129.040526950645,35.1131948028073,없음(이미 24시간),,386032.5000001021,281558.7999997257,1,103.17263356969175,False
1.0,1.0,편의점,세븐일레븐 부산아르미나점,129.035317299406,35.125833941133,없음(이미 24시간),,385528.8000010452,282951.60000498313,1,87.84635772096051,False
0.4,0.6,마트,빅마트,129.03020486718162,35.11134414818618,영업시간 외 외벽 함체 설치,,385095.5000010339,281334.2000050068,0,588.0887371513217,False
1.0,1.0,편의점,CU 부산제일점,129.039445186666,35.1133103412236,없음(이미 24시간),,385933.6000010056,281569.60000499996,2,5.034631421784392,False
0.4,0.6,마트,동일슈퍼,129.03330220782925,35.117048907843916,영업시간 외 외벽 함체 설치,,385365.0000000581,281972.99999973585,3,48.89405868395559,False
0.4,0.6,마트,풍성한마트,129.034984982338,35.1126535758451,영업시간 외 외벽 함체 설치,,385528.40000103676,281488.40000500856,0,167.16746956190755,False
0.4,0.6,마트,나들가게 진주유통,129.032137316961,35.1105529681656,영업시간 외 외벽 함체 설치,,385273.5000009982,281250.0000050034,0,507.48288021196635,False
0.4,0.6,마트,청운슈퍼,129.030398877694,35.1102793147123,영업시간 외 외벽 함체 설치,,385115.6000010694,281216.4000050111,0,641.9893673939428,False
1.0,1.0,편의점,CU 유라시아플랫폼점,129.0411096763912,35.11611109182616,없음(이미 24시간),,386079.00000005873,281883.49999972724,0,191.13372609242245,False
1.0,1.0,편의점,GS25 부산광장점,129.0401393650159,35.11291295407591,없음(이미 24시간),,385997.80000005907,281526.79999972787,1,81.99909742020807,False
1.0,1.0,편의점,GS25 초량스타점,129.04192727438857,35.117669859758706,없음(이미 24시간),,386150.00000104064,282058.0000049931,0,158.4179353486993,False
1.0,1.0,편의점,GS25 초량하니엘점,129.04362148913,35.1235845133003,없음(이미 24시간),,386291.0000000681,282717.49999972765,1,104.38541889772726,False
1.0,1.0,편의점,GS25 범양레우스점,129.04204339529332,35.1213987488306,없음(이미 24시간),,386152.10000104096,282472.00000498595,1,11.547308933065457,False
1.0,1.0,편의점,GS25 동구초량점,129.0446645024098,35.12283516610693,없음(이미 24시간),,386387.80000005907,282636.2999997221,2,70.15001592656655,False
1.0,1.0,편의점,CU 부산초량제일점,129.043849775697,35.1217467819965,없음(이미 24시간),,386316.00000107626,282514.0000049857,1,50.787805702096314,False
1.0,1.0,편의점,GS25 부산롯데드메르점,129.047098636433,35.1188135980492,없음(이미 24시간),,386618.90000007354,282194.59999971685,0,285.3065930948283,False
1.0,1.0,편의점,세븐일레븐 부산로미오점,129.0437439476425,35.12102312533545,없음(이미 24시간),,386308.0000010425,282433.50000498537,0,39.90135422972901,False
1.0,1.0,편의점,CU 초량지원더뷰점,129.0435728449401,35.12282294421939,없음(이미 24시간),,386288.30000104196,282632.90000498574,1,27.514876236481722,False
1.0,1.0,편의점,세븐일레븐 초량한양점,129.042455236017,35.1186089927767,없음(이미 24시간),,386196.0000010534,282163.2000049995,0,176.29539840312995,False
0.4,0.6,마트,가구종합전자마트,129.038346704822,35.1190494624335,영업시간 외 외벽 함체 설치,,385820.4000010199,282204.4000049904,2,65.66892778481431,False
0.4,0.6,마트,슈퍼짐,129.0387315914763,35.11992613459027,영업시간 외 외벽 함체 설치,,385853.50000005827,282302.3999997297,1,64.30248512870266,False
0.4,0.6,마트,동구할인마트,129.040661479606,35.1210940056616,영업시간 외 외벽 함체 설치,,386026.80000107014,282435.600004989,2,45.93257779478111,False
0.4,0.6,마트,서원탑훼밀리마트 초량점,129.040672861998,35.1196158940168,영업시간 외 외벽 함체 설치,,386031.200001067,282271.60000498634,0,56.88895072760045,False
0.4,0.6,마트,유니마트,129.04045972162,35.1191616888081,영업시간 외 외벽 함체 설치,,386012.80000101856,282220.800004992,0,108.62833404741392,False
0.4,0.6,마트,A마트,129.03967477454194,35.1180322201091,영업시간 외 외벽 함체 설치,,385943.8000000592,282093.99999972817,0,52.44637525010031,False
0.4,0.6,마트,이화마트,129.035299192675,35.1214040872425,영업시간 외 외벽 함체 설치,,385537.2000010285,282460.0000049827,2,53.49856309434638,False
0.4,0.6,마트,농축산마트 초량점,129.040152659133,35.1182837119049,영업시간 외 외벽 함체 설치,,385986.8000010224,282122.80000498856,0,28.399804929184086,False
1.0,1.0,편의점,CU 초량이편한점,129.03983125100868,35.12311939879109,없음(이미 24시간),,385946.5000010395,282658.8000049843,5,23.748013556811316,False
1.0,1.0,편의점,CU 부산항드메르점,129.04799245104743,35.11881110993373,없음(이미 24시간),,386700.40000006056,282195.9999997181,0,311.6666425023032,False
0.1,1.0,공공시설,부산초량우체국,129.0377871278714,35.11811624947936,★ 외벽 24시간 함체 설치,,385771.5000000569,282099.79999972985,2,44.18686103703274,False
1.0,1.0,편의점,CU 부산G7점,129.04612133854738,35.11635549296251,없음(이미 24시간),,386535.400001045,281920.0000049976,1,33.113117700920995,False
1.0,1.0,편의점,CU 초량망양로점,129.03481827976046,35.12442568221271,없음(이미 24시간),,385486.500001036,282794.40000498143,1,12.865975633731619,False
0.4,0.6,마트,십자수마트,129.040402307749,35.1237189742389,영업시간 외 외벽 함체 설치,,385997.20000107307,282726.4000049879,6,13.781602447433896,False
0.4,0.6,마트,알뜰미니마트,129.041404549148,35.1224774010709,영업시간 외 외벽 함체 설치,,386091.4000000737,282590.4999997248,3,47.688055487899824,False
0.4,0.6,마트,이코마트,129.04276739628838,35.12026098273509,영업시간 외 외벽 함체 설치,,386220.7000010412,282347.1000049882,0,48.12789153148043,False
0.4,0.6,마트,캣마트 부산점,129.043063216101,35.1206434981247,영업시간 외 외벽 함체 설치,,386246.80000108166,282390.10000499076,0,43.73220704880459,False
0.4,0.6,마트,더드림마트 초량점,129.0448982930255,35.122797877215575,영업시간 외 외벽 함체 설치,,386409.2000010414,282632.6000049839,2,57.517897135014195,False
0.4,0.6,마트,킹마트,129.040371307571,35.12300396704157,영업시간 외 외벽 함체 설치,,385996.00000103976,282647.00000498415,6,29.1942554853413,False
0.4,0.6,마트,해양두배로,129.043733117103,35.1214675848304,영업시간 외 외벽 함체 설치,,386306.00000101945,282482.80000498047,1,30.807996731154716,False
0.1,1.0,공공시설,부산수정1동 우편취급국,129.0427854723091,35.12269744204375,★ 외벽 24시간 함체 설치,,386216.8000010387,282617.5000049848,2,49.800040735179806,False
0.1,1.0,경로당,인창동구노인복지센터,129.042997233743,35.1225686088525,★ 외벽 24시간 함체 설치,,386236.4000010195,282603.60000498313,1,32.630507088611296,False
0.1,1.0,경로당,부산동구시니어클럽,129.043175979931,35.1239281634764,★ 외벽 24시간 함체 설치,,386249.60000106576,282754.8000049871,1,139.82286908347294,False
0.4,0.7,도시철도역,초량역 부산1호선,129.042661154399,35.1205304214806,역사 외부 개방구역에 설치,,386210.4000010014,282376.8000049878,0,63.16231631676977,False
1.0,1.0,소방서·안전센터,초량119안전센터,129.043195530574,35.1197932656979,없음(24시간 상주),,386260.80000002513,282295.9999997272,0,56.699644162850106,False
0.1,1.0,공공시설,주부산일본국총영사관,129.042477782082,35.1212688677471,★ 외벽 24시간 함체 설치,,386192.0000010632,282458.40000498825,1,53.1412541934816,False
0.4,0.8,주유소,동방석유 초량주유소,129.0445868699693,35.1235907551837,야간 무인 구역에 함체 설치,,386379.0000010417,282720.0000049839,1,96.89792014693404,False
0.1,1.0,주민센터,무인민원발급창구 초량3동행정복지센터,129.039793994102,35.1213176848101,★ 외벽 24시간 함체 설치,,385947.2000010363,282458.8000049874,1,37.44590032634102,False
0.1,1.0,경로당,어르신행복식당,129.034931537407,35.1193231488094,★ 외벽 24시간 함체 설치,,385508.4000010729,282228.4000049969,1,114.91300050331377,False
0.1,1.0,경로당,초량4동선화경로당,129.03475808672,35.1215213162891,★ 외벽 24시간 함체 설치,,385487.60000100924,282472.00000498525,2,104.03416241120695,True
0.1,1.0,경로당,새마을경로당,129.032879379026,35.1193648064281,★ 외벽 24시간 함체 설치,,385321.20000106446,282229.2000049945,3,45.81911908076216,True
0.1,1.0,주민센터,초량6동행정복지센터,129.034519250827,35.1200329865089,★ 외벽 24시간 함체 설치,,385469.20000099926,282306.4000049853,3,101.80549838497933,False
1.0,1.0,편의점,세븐일레븐 부산국제여객터미널1호점,129.04851158180006,35.116679178741464,없음(이미 24시간),,386752.60000006144,281960.3999997183,0,190.42663124816943,False
1.0,1.0,편의점,세븐일레븐 부산국제여객터미널2호점,129.0484551028385,35.11652603356897,없음(이미 24시간),,386747.80000005924,281943.2999997192,0,182.24733042374672,False
1.0,1.0,편의점,GS25 부관훼리점,129.04914649549502,35.11733170375392,없음(이미 24시간),,386809.0000010447,282034.00000499433,0,269.32724774640656,False
0.4,0.6,마트,초량이불마트,129.040553922465,35.1171342699731,영업시간 외 외벽 함체 설치,,386026.00000107,281996.00000499876,0,104.34709495841682,False
0.1,1.0,공공시설,부산초량3동우체국,129.04219028099158,35.118056535266106,★ 외벽 24시간 함체 설치,,386173.10000005853,282101.39999972505,0,176.97420603073232,False
0.4,0.9,편의점,스토리웨이,129.041657104009,35.1155458465079,운영시간 확인 후 야간 개방 협의,,386130.2000000448,281821.79999971983,0,250.15765432689682,False
0.4,0.9,편의점,스토리웨이,129.041460297957,35.1154383183932,운영시간 확인 후 야간 개방 협의,,386112.5000000346,281809.4999997225,0,233.71326859479427,False
0.4,0.9,편의점,스토리웨이,129.042841638828,35.116163009601,운영시간 확인 후 야간 개방 협의,,386236.8000001062,281892.49999973195,0,315.11627245357255,False
0.4,0.9,편의점,스토리웨이,129.042384200061,35.1151487930364,운영시간 확인 후 야간 개방 협의,,386197.40000010247,281779.0999997318,0,322.33547819770683,False
1.0,1.0,편의점,CU 부산마리나점,129.0449962881827,35.11614468759044,없음(이미 24시간),,386433.3000010422,281894.5000049982,1,136.03053787666096,False
0.1,1.0,경로당,공영재가노인복지센터,129.040141015741,35.120367415091,★ 외벽 24시간 함체 설치,,385981.00000005396,282353.9999997273,0,53.3521950493494,False
1.0,1.0,편의점,GS25 아스티오피스텔점,129.0418902129922,35.11649265392564,없음(이미 24시간),,386149.3000000606,281927.29999972665,0,227.8115569108679,False
0.1,1.0,경로당,동구노인복지관 분관,129.0348339945962,35.11954647527738,★ 외벽 24시간 함체 설치,,385499.0000010368,282253.00000499014,2,121.74456766406301,False
0.4,0.9,편의점,스토리웨이,129.0426175987338,35.11500878193693,운영시간 확인 후 야간 개방 협의,,386219.0000000605,281763.99999972497,0,345.8431086457296,False
0.4,0.6,마트,아리랑슈퍼,129.031498801337,35.1194204039319,영업시간 외 외벽 함체 설치,,385195.2000009973,282232.8000049889,2,78.54867655005373,True
1.0,1.0,편의점,세븐일레븐 초량육거리점,129.0388248104406,35.12001378200686,없음(이미 24시간),,385861.8000010377,282312.30000498996,1,76.78194707113568,False
0.1,1.0,경로당,구봉경로당,129.036624389896,35.1226470633789,★ 외벽 24시간 함체 설치,,385655.20000105386,282600.40000498574,2,97.80984364002587,True
0.4,0.6,마트,대성슈퍼마켙,129.033776039802,35.1190794073997,영업시간 외 외벽 함체 설치,,385403.6000010692,282199.20000499376,3,28.153336105796278,False
0.1,1.0,공공시설,주부산카자흐스탄총영사관,129.042082442687,35.1186134739228,★ 외벽 24시간 함체 설치,,386162.0000000499,282162.99999972235,0,170.88278247421135,False
1.0,1.0,파출소·지구대,초량2치안센터,129.039695253854,35.1201730578079,없음(24시간 상주),,385940.80000104813,282331.6000049928,0,87.06155064727024,False
1.0,1.0,편의점,GS25 부산범양레우스점,129.040759698306,35.1220412839273,없음(이미 24시간),,386033.6000010007,282540.9000049842,3,42.13547309239557,False
1.0,1.0,편의점,CU 초량센터점,129.038927658878,35.1184196818558,없음(이미 24시간),,385874.8000010652,282135.60000498866,0,10.63998333134291,False
1.0,1.0,편의점,GS25 초량중앙점,129.039636872271,35.1217024263109,없음(이미 24시간),,385932.00000100594,282501.20000499266,1,75.61859493353124,False
1.0,1.0,편의점,GS25 부산초량로점,129.036004370095,35.1195944021439,없음(이미 24시간),,385605.6000010809,282260.50000499067,1,66.53151156589004,False
0.4,0.6,마트,근대화슈퍼마켓,129.03439635132327,35.120118859110036,영업시간 외 외벽 함체 설치,,385457.8000010356,282315.70000498905,2,87.95021109149863,False
0.4,0.6,마트,부산슈퍼,129.035069215133,35.1200958442453,영업시간 외 외벽 함체 설치,,385519.2000010784,282314.40000499145,1,130.5314645059414,False
0.1,1.0,경로당,정은재가복지센터,129.035697007555,35.1198924474021,★ 외벽 24시간 함체 설치,,385576.90000099555,282293.0000049871,1,106.73525861382365,False
1.0,1.0,편의점,GS25 초량육거리점,129.03801520176026,35.120667234237146,없음(이미 24시간),,385786.5000010391,282383.3000049876,2,117.27045336933828,False
1.0,1.0,편의점,CU 부산초량예스점,129.04126601973175,35.11938781911405,없음(이미 24시간),,386085.80000104045,282247.40000499086,0,99.6127304611708,False
0.1,1.0,주민센터,초량2동 주민센터,129.0384979,35.1165506,★ 외벽 24시간 함체 설치,,385839.86297008715,281927.39180481003,0,65.16790630261288,False
0.1,1.0,주민센터,초량1동 주민센터,129.0369639,35.1139578,★ 외벽 24시간 함체 설치,,385705.88191847864,281636.8149053334,4,58.66526626974834,False
1.0,1.0,소방서·안전센터,수정 119 안전센터,129.0491047,35.129539,없음(24시간 상주),,386777.3044720213,283388.52881702903,0,178.80765698601155,False
1.0,1.0,파출소·지구대,부산 동부 경찰서,129.0492088,35.1299725,없음(24시간 상주),,386785.80420037906,283436.8284541773,1,137.0203353026559,False
1.0,1.0,파출소·지구대,초량 지구대,129.0376947,35.1178686,없음(24시간 상주),,385763.63522154384,282072.14667387377,2,44.48745140204673,False
0.1,1.0,공공시설,봉생사회복지회,129.0488424,35.1322915,★ 외벽 24시간 함체 설치,,386747.1043645362,283693.47356315,3,33.58528570108578,False
1.0,1.0,소방서·안전센터,초량 119 안전센터,129.0431653,35.11976,없음(24시간 상주),,386258.1194971779,282292.25204242865,0,60.816954479846196,False
0.4,0.6,마트,초량두배로마트,129.0384715,35.113018,영업시간 외 외벽 함체 설치,,385845.48160442756,281535.34180993313,3,36.20220437814482,False
1.0,1.0,편의점,세븐일레븐,129.0369357,35.1141544,없음(이미 24시간),,385702.86430016975,281658.57833103195,4,79.41441624744765,False
0.4,0.9,편의점,(무명),129.0505349,35.1311706,운영시간 확인 후 야간 개방 협의,,386903.9568761841,283572.2681206924,2,81.59493598000645,False
0.4,0.8,주유소,S-OIL셀프 부산진주유소,129.0518304,35.131311,야간 무인 구역에 함체 설치,,387021.7362297578,283590.28196198615,1,21.646844696582548,False
0.1,1.0,경로당,수오경로당,129.0412661,35.1344271,★ 외벽 24시간 함체 설치,,386051.5822136852,283916.2623498985,0,432.56347052628354,False
0.1,1.0,공공시설,동구장애인 복지관,129.0403956,35.130917,★ 외벽 24시간 함체 설치,,385980.2146308781,283525.12988695176,0,603.1683982350062,False
0.4,0.8,주유소,S-Oil,129.0386877,35.1124467,야간 무인 구역에 함체 설치,,385866.4931990915,281472.3502067053,2,73.14911775197585,False
0.4,0.6,마트,킹마트 24시간영업,129.0345669,35.1123515,영업시간 외 외벽 함체 설치,,385490.9631445076,281454.100665779,0,214.79237648516772,False
1.0,1.0,편의점,세븐일레븐,129.0407188,35.1172057,없음(이미 24시간),,386040.87066864537,282004.23449112434,0,102.06052889111389,False
1.0,1.0,소방서·안전센터,부두 119 안전센터,129.0522271,35.1256586,없음(24시간 상주),,387070.833113312,282963.7967709944,0,605.98215770225,False
1.0,1.0,소방서·안전센터,초량 119 안전센터,129.043211,35.1198878,없음(24시간 상주),,386261.9951197761,282306.5191179704,0,46.116655210269855,False
1.0,1.0,파출소·지구대,영주동 파출소,129.032193,35.11194,없음(24시간 상주),,385275.43623503007,281404.0175893875,0,399.5955372709525,False
0.1,1.0,주민센터,영주2동 주민센터,129.0318267,35.1115883,★ 외벽 24시간 함체 설치,,385242.8321777347,281364.30908270576,0,449.56168474653776,False
0.1,1.0,주민센터,수정4동 주민센터,129.0407616,35.1271177,★ 외벽 24시간 함체 설치,,386022.2244398646,283104.21740272583,0,319.40625845666597,False
0.1,1.0,공공시설,수남문화센터,129.0517054,35.1271132,★ 외벽 24시간 함체 설치,,387019.943444301,283124.22905023466,0,476.95967243402094,False
1.0,1.0,편의점,GS25,129.03981,35.1140522,없음(이미 24시간),,385965.17786085594,281652.6029910388,1,86.45150039458936,False
1.0,1.0,편의점,GS25,129.0351957,35.1109478,없음(이미 24시간),,385551.4826044168,281299.50872886577,0,340.681419713267,False
1.0,1.0,편의점,세븐일레븐,129.0375381,35.1107182,없음(이미 24시간),,385765.59434395033,281278.3988804332,0,247.30026420065641,False
1.0,1.0,편의점,GS25,129.0327215,35.1396741,없음(이미 24시간),,385260.7779513872,284482.56196422887,0,1348.0516777127102,False
0.4,0.7,도시철도역,부산,129.0425868,35.1155532,역사 외부 개방구역에 설치,,386214.95238816383,281824.3546813632,0,334.6479123203439,False
1.0,1.0,편의점,GS25,129.0420011,35.1165738,없음(이미 24시간),,386159.2258100386,281936.5118769607,0,228.06238430533728,False
0.4,0.6,마트,칠성미니슈퍼,129.0320731,35.1131007,영업시간 외 외벽 함체 설치,,385261.87479843036,281532.5932132268,0,352.5282571112266,False
0.1,1.0,공공시설,글마루작은도서관,129.0317357,35.1127281,★ 외벽 24시간 함체 설치,,385231.9536850236,281490.6193031306,0,395.0756840925843,False
1.0,1.0,편의점,이마트24,129.0327769,35.1129579,없음(이미 24시간),,385326.37216016627,281518.05712844315,0,297.49497821089705,False
1.0,1.0,편의점,러브24시간편의점,129.0345143,35.1119456,없음(이미 24시간),,385487.0872420238,281408.96136505634,0,256.62197034007283,False
1.0,1.0,편의점,CU,129.0415237,35.1169235,없음(이미 24시간),,386114.90159630985,281974.42427001614,0,169.91094992037836,False
0.4,0.6,마트,에이마트,129.03969,35.117853,영업시간 외 외벽 함체 설치,,385945.59565259505,282074.1409753741,0,55.13257546862089,False
0.1,1.0,공공시설,부산 동구청,129.0453138,35.129356,★ 외벽 24시간 함체 설치,,386432.1286053513,283361.1132934296,0,353.2047916582568,False
0.4,0.6,마트,(무명),129.0390962,35.1164551,영업시간 외 외벽 함체 설치,,385894.6319427099,281917.9115999172,0,34.12373622412493,False
0.4,0.6,마트,농심가할마트,129.034931,35.124159,영업시간 외 외벽 함체 설치,,385497.3815998036,282765.0172408714,2,34.99106269199625,True
0.4,0.6,마트,완플러스25할인마트,129.040164,35.113702,영업시간 외 외벽 함체 설치,,385998.2522114926,281614.4038034723,1,79.2665649658181,False
0.4,0.6,마트,화장품마트,129.048332,35.128741,영업시간 외 외벽 함체 설치,,386708.6845305139,283298.52707086364,0,261.2980777149922,False
0.4,0.6,마트,삼구유통광장마트;대성당,129.0473024,35.1302373,영업시간 외 외벽 함체 설치,,386611.4058103288,283462.6358760832,1,148.77538899559073,False
0.4,0.6,마트,동원드림마트,129.051087,35.133017,영업시간 외 외벽 함체 설치,,386950.0648231468,283778.1950854346,3,37.214759832864274,False
0.4,0.6,마트,동아빅마트,129.030179,35.113616,영업시간 외 외벽 함체 설치,,385088.0012142435,281586.2511239302,0,428.39009634847486,False
0.4,0.6,마트,몰종합마트,129.0481362,35.1297814,영업시간 외 외벽 함체 설치,,386688.45869177906,283413.6098908961,0,150.11901748631152,False
0.4,0.6,마트,J.U25시마트,129.043939,35.121504,영업시간 외 외벽 함체 설치,,386324.6879595634,282487.22627026343,1,22.63980749329142,False
0.4,0.6,마트,K할인마트,129.038295,35.118631,영업시간 외 외벽 함체 설치,,385816.6365136314,282157.8680935737,2,66.3984482620611,False
0.4,0.6,마트,삼구유통칸마트,129.047415,35.129957,영업시간 외 외벽 함체 설치,,386622.31063404895,283431.74296329584,0,163.45414236148721,False
0.1,1.0,공공시설,부산광역시동구도서관,129.0524148,35.1380187,★ 외벽 24시간 함체 설치,,387059.6600456671,284335.7156527219,0,240.56041860552241,False
1.0,1.0,파출소·지구대,남해지방해양경찰청,129.055545,35.127254,없음(24시간 상주),,387369.664509417,283147.0754884539,0,560.3862652021292,False
1.0,1.0,파출소·지구대,역전치안센터,129.042999,35.114976,없음(24시간 상주),,386253.8508183265,281761.07581517124,0,349.2895307939488,False
1.0,1.0,파출소·지구대,범일치안센터,129.0547551,35.13846,없음(24시간 상주),,387271.9778167483,284389.0881598264,0,252.17206192318665,False
1.0,1.0,파출소·지구대,초량2치안센터,129.040677,35.121306,없음(24시간 상주),,386027.73281440523,282459.1533417458,2,37.648824027822094,False
1.0,1.0,파출소·지구대,수정치안센터,129.043103,35.129994,없음(24시간 상주),,386229.1298483796,283427.77070575254,0,441.2737289729911,False
1.0,1.0,파출소·지구대,좌천치안센터,129.047761,35.133785,없음(24시간 상주),,386645.11290931166,283857.1740291602,2,45.35444174436728,False
0.4,0.7,도시철도역,부산진,129.0492214,35.1290282,역사 외부 개방구역에 설치,,386789.1103421197,283332.06585640134,0,236.29940602905103,False
0.4,0.7,도시철도역,초량,129.0429702,35.1212017,역사 외부 개방구역에 설치,,386237.04819583875,282451.8678554102,0,95.55985668565867,False
0.4,0.7,도시철도역,좌천,129.0543505,35.1343358,역사 외부 개방구역에 설치,,387244.5448569767,283930.6751219846,2,74.29352350564653,False
0.1,1.0,공공시설,수정5동우체국,129.04286,35.133241,★ 외벽 24시간 함체 설치,,386199.5812768203,283787.62583187316,0,312.31802635001424,False
0.1,1.0,공공시설,초량3동우체국,129.042313,35.117894,★ 외벽 24시간 함체 설치,,386184.6590941447,282083.59351346816,0,188.85920396287298,False
0.4,0.8,주유소,동방석유초량주유소,129.040677,35.121306,야간 무인 구역에 함체 설치,,386027.73281440523,282459.1533417458,2,37.648824027822094,False
1.0,1.0,편의점,GS25,129.0401505,35.1129425,없음(이미 24시간),,385998.7481357497,281530.0994150061,1,80.96635450997374,False
1.0,1.0,편의점,세븐일레븐,129.0417766,35.1203612,없음(이미 24시간),,386130.13690908893,282356.3675908788,0,30.5396094106108,False
0.1,1.0,주민센터,부산보훈복지회관,129.0412725,35.1200683,★ 외벽 24시간 함체 설치,,386084.8425326808,282322.92288767564,0,57.30142916114491,False
0.4,0.7,도시철도역,부산역,129.0399028,35.1157262,역사 외부 개방구역에 설치,,385969.8336040474,281838.5345409437,0,89.2246279638659,False
0.4,0.8,주유소,대양산업대박주유소,129.054866,35.129964,야간 무인 구역에 함체 설치,,387301.55380208994,283446.51851764496,0,288.6156219747182,False
0.4,0.8,주유소,동방석유청구주유소,129.051369,35.125974,야간 무인 구역에 함체 설치,,386991.88029160665,282997.1831861263,0,544.4351695412468,False
0.4,0.8,주유소,제일주유소,129.035044,35.111375,야간 무인 구역에 함체 설치,,385536.6810934812,281346.63089889335,0,300.2274079482603,False
0.4,0.8,주유소,대륙주유소,129.047561,35.126737,야간 무인 구역에 함체 설치,,386642.97118483816,283074.7028461521,0,302.69352097533965,False
0.4,0.8,주유소,해안주유소,129.0425151,35.1134676,야간 무인 구역에 함체 설치,,386213.1624929862,281592.7883736928,0,283.44673891980807,False
0.4,0.8,주유소,천일주유소,129.038815,35.112046,야간 무인 구역에 함체 설치,,385879.01121861255,281428.12356174685,1,114.68667651866845,False
0.4,0.8,주유소,서울주유소,129.038746,35.111821,야간 무인 구역에 함체 설치,,385873.23078618594,281403.02725471737,1,133.11227465500457,False
0.1,1.0,공공시설,구봉우편취급국,129.035883,35.119635,★ 외벽 24시간 함체 설치,,385594.4419823183,282264.77870634606,1,78.48122081910257,False
0.1,1.0,공공시설,수정아파트우편취급국,129.041654,35.127338,★ 외벽 24시간 함체 설치,,386103.0799611823,283130.3318447068,0,341.5433846166488,False
0.1,1.0,공공시설,수정1동우편취급국,129.04299,35.122801,★ 외벽 24시간 함체 설치,,386235.21124192106,282629.3741857764,1,34.09422862855181,False
0.1,1.0,공공시설,초량6동우편취급국,129.036521,35.124065,★ 외벽 24시간 함체 설치,,385642.5547795326,282757.5509326537,1,62.84581071207117,False
1.0,1.0,파출소·지구대,초량 지구대,129.0375918,35.1179127,없음(24시간 상주),,385754.15298067406,282076.8482800448,2,34.073637820223965,False
