이름,유형,야간접근_현재,야간접근_조치후,필요조치,lon,lat,출처
CU 부산영주터널점,편의점,1.0,1.0,없음(이미 24시간),129.0347774011242,35.11233263953616,kakao
청구주유소,주유소,0.4,0.8,야간 무인 구역에 함체 설치,129.0512922645268,35.126229580130946,kakao
수정119안전센터,소방서·안전센터,1.0,1.0,없음(24시간 상주),129.049210501344,35.129604538323,kakao
부두119안전센터,소방서·안전센터,1.0,1.0,없음(24시간 상주),129.052225607411,35.1256135959894,kakao
부산동부경찰서,파출소·지구대,1.0,1.0,없음(24시간 상주),129.049101113252,35.1299668557547,kakao
논스톱 진역점,편의점,0.4,0.9,운영시간 확인 후 야간 개방 협의,129.048808823428,35.1293337723277,kakao
세븐일레븐 부산일보점,편의점,1.0,1.0,없음(이미 24시간),129.048247415958,35.128597999258766,kakao
CU 동구수정점,편의점,1.0,1.0,없음(이미 24시간),129.047194097421,35.1292439171609,kakao
GS25 동아햇살점,편의점,1.0,1.0,없음(이미 24시간),129.030095797749,35.1134457103195,kakao
로또마트,마트,0.4,0.6,영업시간 외 외벽 함체 설치,129.04504517180837,35.123934476282436,kakao
케이마트,마트,0.4,0.6,영업시간 외 외벽 함체 설치,129.046313537049,35.1247835898826,kakao
슈퍼복권나라 수정점,마트,0.4,0.6,영업시간 외 외벽 함체 설치,129.045204865089,35.1275130268281,kakao
파워C마트,마트,0.4,0.6,영업시간 외 외벽 함체 설치,129.040606902208,35.1299840660535,kakao
킹마트,마트,0.4,0.6,영업시간 외 외벽 함체 설치,129.043487924248,35.1295642224516,kakao
탑세일마트,마트,0.4,0.6,영업시간 외 외벽 함체 설치,129.045966520496,35.1275731612471,kakao
코사마트 부일점,마트,0.4,0.6,영업시간 외 외벽 함체 설치,129.045135894594,35.1277376810127,kakao
CJ대한통운 부산주유소,주유소,0.4,0.8,야간 무인 구역에 함체 설치,129.054046476381,35.1266641395133,kakao
그린마트,편의점,0.4,0.9,운영시간 확인 후 야간 개방 협의,129.04592715101,35.1323563270557,kakao
부산진역 부산1호선,도시철도역,0.4,0.7,역사 외부 개방구역에 설치,129.04786649362282,35.12779789319554,kakao
세븐일레븐 경남여고맘보점,편의점,1.0,1.0,없음(이미 24시간),129.044833687611,35.1307418717278,kakao
GS25 동구사루비아점,편의점,1.0,1.0,없음(이미 24시간),129.042433991142,35.133568766432,kakao
GS25 부산동구청점,편의점,1.0,1.0,없음(이미 24시간),129.045756144254,35.1301252187314,kakao
창녕상회,마트,0.4,0.6,영업시간 외 외벽 함체 설치,129.04213940495,35.1309098775608,kakao
킹마트 수정점,마트,0.4,0.6,영업시간 외 외벽 함체 설치,129.041137724817,35.1321334240146,kakao
만리노인정,경로당,0.1,1.0,★ 외벽 24시간 함체 설치,129.03905588913562,35.1325812180786,kakao
대양대박주유소,주유소,0.4,0.8,야간 무인 구역에 함체 설치,129.05484342447,35.1300930829292,kakao
부산경찰청 제7기동대,파출소·지구대,1.0,1.0,없음(24시간 상주),129.05386857252847,35.12936344778841,kakao
남해지방해양경찰청,파출소·지구대,1.0,1.0,없음(24시간 상주),129.0552687979474,35.12746527411521,kakao
농수산물과일마트 3호점,마트,0.4,0.6,영업시간 외 외벽 함체 설치,129.048128156028,35.130361799098,kakao
만남의장소,마트,0.4,0.6,영업시간 외 외벽 함체 설치,129.046448564099,35.1300477389174,kakao
한국실버재가복지센터,경로당,0.1,1.0,★ 외벽 24시간 함체 설치,129.046848986579,35.129392133065,kakao
정다운노인재가센터,경로당,0.1,1.0,★ 외벽 24시간 함체 설치,129.047570729952,35.1299602890877,kakao
럭키주간복지센터,경로당,0.1,1.0,★ 외벽 24시간 함체 설치,129.049691629004,35.1301127682864,kakao
수남경로당,경로당,0.1,1.0,★ 외벽 24시간 함체 설치,129.051830079868,35.1269864655929,kakao
창녕상회,마트,0.4,0.6,영업시간 외 외벽 함체 설치,129.041228814735,35.1278729629673,kakao
부산수정동우체국,공공시설,0.1,1.0,★ 외벽 24시간 함체 설치,129.04564647233929,35.12731993025056,kakao
새봄재가복지센터,경로당,0.1,1.0,★ 외벽 24시간 함체 설치,129.04176966464,35.1276124228381,kakao
미소들재가복지센터,경로당,0.1,1.0,★ 외벽 24시간 함체 설치,129.04581804869875,35.12501454638359,kakao
GS25 초량일신점,편의점,1.0,1.0,없음(이미 24시간),129.045758503641,35.1247388929666,kakao
GS25 부산고관점,편의점,1.0,1.0,없음(이미 24시간),129.04454611243,35.1263039626926,kakao
일성슈퍼,마트,0.4,0.6,영업시간 외 외벽 함체 설치,129.040984498791,35.1266541917793,kakao
코사마트 미화당수정점,마트,0.4,0.6,영업시간 외 외벽 함체 설치,129.039990095928,35.1274207131573,kakao
대일마트 수정동점,마트,0.4,0.6,영업시간 외 외벽 함체 설치,129.038300127729,35.1272148532903,kakao
동구노인종합복지관 운동장,공공시설,0.1,1.0,★ 외벽 24시간 함체 설치,129.0397676517913,35.12589066711631,kakao
다은재가복지센터,경로당,0.1,1.0,★ 외벽 24시간 함체 설치,129.03613301687776,35.12471810281835,kakao
동구노인종합복지관 본관,경로당,0.1,1.0,★ 외벽 24시간 함체 설치,129.040419363593,35.1258094017898,kakao
수정4동 노인회,경로당,0.1,1.0,★ 외벽 24시간 함체 설치,129.040370405943,35.1282433849828,kakao
수정4동행정복지센터,주민센터,0.1,1.0,★ 외벽 24시간 함체 설치,129.04070404382642,35.1271076986765,kakao
CU 수정진미점,편의점,1.0,1.0,없음(이미 24시간),129.041083215243,35.1275329715608,kakao
CU 초량대박점,편의점,1.0,1.0,없음(이미 24시간),129.04013610344,35.1243038107594,kakao
GS25 수정동일점,편의점,1.0,1.0,없음(이미 24시간),129.0388913956525,35.12523674826697,kakao
서원탑훼밀리마트,마트,0.4,0.6,영업시간 외 외벽 함체 설치,129.034763373335,35.1261424342244,kakao
다감슈퍼,마트,0.4,0.6,영업시간 외 외벽 함체 설치,129.03446300111,35.1262375957177,kakao
이마트24 초량대로점,편의점,1.0,1.0,없음(이미 24시간),129.044438861595,35.124602562629,kakao
CU 초량반도보라점,편의점,1.0,1.0,없음(이미 24시간),129.04609936047774,35.12442133247591,kakao
GS25 동구협성휴포레점,편의점,1.0,1.0,없음(이미 24시간),129.046437434566,35.1277184063448,kakao
고관경로당,경로당,0.1,1.0,★ 외벽 24시간 함체 설치,129.043324779761,35.1254936891805,kakao
조은실버복지센터,경로당,0.1,1.0,★ 외벽 24시간 함체 설치,129.0436836397539,35.12975827702506,kakao
부산시 동구 치매안심센터,경로당,0.1,1.0,★ 외벽 24시간 함체 설치,129.0450018273519,35.12834192491337,kakao
부산광역시 중부노인보호전문기관,경로당,0.1,1.0,★ 외벽 24시간 함체 설치,129.046463729643,35.125920130575,kakao
대주재가복지센터,경로당,0.1,1.0,★ 외벽 24시간 함체 설치,129.045778752963,35.1253729740979,kakao
수운경로당,경로당,0.1,1.0,★ 외벽 24시간 함체 설치,129.040112715806,35.1298734347046,kakao
남성경로당,경로당,0.1,1.0,★ 외벽 24시간 함체 설치,129.041220890296,35.1282146397567,kakao
지에스칼텍스,주유소,0.4,0.8,야간 무인 구역에 함체 설치,129.044792296216,35.1239982216184,kakao
CU 수정온사랑점,편의점,1.0,1.0,없음(이미 24시간),129.044145573093,35.1286663774917,kakao
SK행복충전 개인택시중앙LPG충전소,주유소,0.4,0.8,야간 무인 구역에 함체 설치,129.046171900416,35.1256547089652,kakao
수정2동행정복지센터,주민센터,0.1,1.0,★ 외벽 24시간 함체 설치,129.042620293489,35.1299609499254,kakao
수정1동행정복지센터,주민센터,0.1,1.0,★ 외벽 24시간 함체 설치,129.042265410415,35.1254142249488,kakao
부산광역시 동구청,공공시설,0.1,1.0,★ 외벽 24시간 함체 설치,129.045305770386,35.1292668001141,kakao
GS25 수정서로점,편의점,1.0,1.0,없음(이미 24시간),129.04237536252458,35.130343570369355,kakao
프레전트 수정점,편의점,0.4,0.9,운영시간 확인 후 야간 개방 협의,129.04564846665,35.1303811664855,kakao
수정5동행정복지센터,주민센터,0.1,1.0,★ 외벽 24시간 함체 설치,129.0423981867144,35.1338919884012,kakao
나눔재가복지센터,경로당,0.1,1.0,★ 외벽 24시간 함체 설치,129.035358668853,35.1262180461485,kakao
안심생활 중앙점,경로당,0.1,1.0,★ 외벽 24시간 함체 설치,129.05093058341,35.1399280359767,kakao
세븐일레븐 부산동구동양점,편의점,1.0,1.0,없음(이미 24시간),129.05322070536678,35.139163801044994,kakao
동신할인마트,마트,0.4,0.6,영업시간 외 외벽 함체 설치,129.04822266676993,35.13846890566437,kakao
좌천할인마트,마트,0.4,0.6,영업시간 외 외벽 함체 설치,129.047376410928,35.1367872151734,kakao
만복상회,마트,0.4,0.6,영업시간 외 외벽 함체 설치,129.046078953593,35.1366685547794,kakao
수정노인재가센터,경로당,0.1,1.0,★ 외벽 24시간 함체 설치,129.047595303393,35.1372485176895,kakao
수동경로당,경로당,0.1,1.0,★ 외벽 24시간 함체 설치,129.04621148535827,35.137405273496015,kakao
GS25 동의대상대점,편의점,1.0,1.0,없음(이미 24시간),129.03311657114446,35.139581300272525,kakao
미미쿡마트,마트,0.4,0.6,영업시간 외 외벽 함체 설치,129.057859148003,35.1331977770465,kakao
성남슈퍼,마트,0.4,0.6,영업시간 외 외벽 함체 설치,129.055493012001,35.1328937023604,kakao
우체국365코너,공공시설,0.1,1.0,★ 외벽 24시간 함체 설치,129.055278401031,35.1355711033388,kakao
수정노인재가복지센터,경로당,0.1,1.0,★ 외벽 24시간 함체 설치,129.05565076827,35.1327982053582,kakao
사랑채주간보호센터,경로당,0.1,1.0,★ 외벽 24시간 함체 설치,129.05431103407,35.133876197532,kakao
좌일경로당,경로당,0.1,1.0,★ 외벽 24시간 함체 설치,129.05396183304,35.1360449177704,kakao
좌천역 부산1호선,도시철도역,0.4,0.7,역사 외부 개방구역에 설치,129.054455383044,35.1343820073548,kakao
증산경로당,경로당,0.1,1.0,★ 외벽 24시간 함체 설치,129.052603375342,35.1394383049272,kakao
지혜실버홈,경로당,0.1,1.0,★ 외벽 24시간 함체 설치,129.054805907592,35.138027586552,kakao
수성지구대,파출소·지구대,1.0,1.0,없음(24시간 상주),129.043553981456,35.1348403515361,kakao
범일1동청년회방범초소,파출소·지구대,1.0,1.0,없음(24시간 상주),129.053908662712,35.1388187068904,kakao
펫마트 범일점,마트,0.4,0.6,영업시간 외 외벽 함체 설치,129.056940369525,35.1389718287795,kakao
산청마트,마트,0.4,0.6,영업시간 외 외벽 함체 설치,129.055859393446,35.1390875056099,kakao
미화당슈퍼,마트,0.4,0.6,영업시간 외 외벽 함체 설치,129.055535052109,35.136659862807,kakao
행복노인복지센터,경로당,0.1,1.0,★ 외벽 24시간 함체 설치,129.055989791608,35.1389942746952,kakao
동구케어 노인주간보호센터,경로당,0.1,1.0,★ 외벽 24시간 함체 설치,129.056942795817,35.1373244574734,kakao
범일1동널박경로당,경로당,0.1,1.0,★ 외벽 24시간 함체 설치,129.055403209749,35.1399675751233,kakao
한성기린프라자아파트 경로당,경로당,0.1,1.0,★ 외벽 24시간 함체 설치,129.056936255219,35.1389827126254,kakao
좌천파출소,파출소·지구대,1.0,1.0,없음(24시간 상주),129.056005354933,35.1372142088199,kakao
GS25 한성기린점,편의점,1.0,1.0,없음(이미 24시간),129.05682782064088,35.13938196766054,kakao
태양수퍼마켙,마트,0.4,0.6,영업시간 외 외벽 함체 설치,129.053333592288,35.1372378982922,kakao
문화슈퍼,마트,0.4,0.6,영업시간 외 외벽 함체 설치,129.05354886214351,35.13694227134682,kakao
럭키 수퍼마켓,마트,0.4,0.6,영업시간 외 외벽 함체 설치,129.051334177345,35.1397481780359,kakao
근대화수퍼,마트,0.4,0.6,영업시간 외 외벽 함체 설치,129.0480076474,35.1392133003843,kakao
범일할인마트,마트,0.4,0.6,영업시간 외 외벽 함체 설치,129.049633945557,35.1397129760311,kakao
대양씨앤씨직영주유소,주유소,0.4,0.8,야간 무인 구역에 함체 설치,129.057280755272,35.131050209587,kakao
GS더프레시 부산하버시티점,마트,0.4,0.6,영업시간 외 외벽 함체 설치,129.05673724759,35.1325121179664,kakao
GS25 동부점,편의점,1.0,1.0,없음(이미 24시간),129.054273190458,35.135513357144,kakao
동행복권판매점 동원드림마트,마트,0.4,0.6,영업시간 외 외벽 함체 설치,129.05134891246405,35.13255391550306,kakao
CU 부산항일동점,편의점,1.0,1.0,없음(이미 24시간),129.05249367492632,35.13174870809546,kakao
두리마트,마트,0.4,0.6,영업시간 외 외벽 함체 설치,129.0481652344811,35.13271772605299,kakao
세미마트,마트,0.4,0.6,영업시간 외 외벽 함체 설치,129.045777668921,35.1353254964103,kakao
서원할인마트,마트,0.4,0.6,영업시간 외 외벽 함체 설치,129.044444937635,35.1350235754349,kakao
부산수정5동 우편취급국,공공시설,0.1,1.0,★ 외벽 24시간 함체 설치,129.044317047447,35.1351735252957,kakao
수호천사재가복지센터,경로당,0.1,1.0,★ 외벽 24시간 함체 설치,129.0460280574756,35.13494187597877,kakao
금오재가복지센터,경로당,0.1,1.0,★ 외벽 24시간 함체 설치,129.045447212436,35.1306675314776,kakao
효노인재가복지센터,경로당,0.1,1.0,★ 외벽 24시간 함체 설치,129.046056026707,35.1328597057734,kakao
박가네재가복지센터,경로당,0.1,1.0,★ 외벽 24시간 함체 설치,129.046162584839,35.1348819290338,kakao
다복재가복지센터,경로당,0.1,1.0,★ 외벽 24시간 함체 설치,129.0440887752214,35.134818712408425,kakao
간호박사종합재가센터,경로당,0.1,1.0,★ 외벽 24시간 함체 설치,129.04472588003773,35.13064185931566,kakao
큰사랑재가복지센터,경로당,0.1,1.0,★ 외벽 24시간 함체 설치,129.04275913904797,35.1338498556296,kakao
능풍장부녀경로당,경로당,0.1,1.0,★ 외벽 24시간 함체 설치,129.04724612881,35.1321105548376,kakao
수정부녀경로당,경로당,0.1,1.0,★ 외벽 24시간 함체 설치,129.044859009114,35.1322806400229,kakao
수오부녀경로당,경로당,0.1,1.0,★ 외벽 24시간 함체 설치,129.04124875901238,35.134427731535354,kakao
GS25 좌천아이유점,편의점,1.0,1.0,없음(이미 24시간),129.053899416447,35.1326873291088,kakao
홈플러스익스프레스 좌천점,마트,0.4,0.6,영업시간 외 외벽 함체 설치,129.048613064155,35.1309772083417,kakao
범일5동행정복지센터,주민센터,0.1,1.0,★ 외벽 24시간 함체 설치,129.053810360658,35.1305395563396,kakao
대구슈퍼,마트,0.4,0.6,영업시간 외 외벽 함체 설치,129.050301947288,35.1314857328719,kakao
세진슈퍼,마트,0.4,0.6,영업시간 외 외벽 함체 설치,129.04973871958967,35.13601641974894,kakao
거제슈퍼,마트,0.4,0.6,영업시간 외 외벽 함체 설치,129.053056263344,35.1342327033418,kakao
금성슈퍼,마트,0.4,0.6,영업시간 외 외벽 함체 설치,129.051411791199,35.1354969629335,kakao
진주슈퍼,마트,0.4,0.6,영업시간 외 외벽 함체 설치,129.0539550061304,35.13110123447137,kakao
진주상회,마트,0.4,0.6,영업시간 외 외벽 함체 설치,129.049886579116,35.134782022478,kakao
동원드림마트,마트,0.4,0.6,영업시간 외 외벽 함체 설치,129.05140014251,35.1325845888971,kakao
그린할인마트,마트,0.4,0.6,영업시간 외 외벽 함체 설치,129.049358602615,35.1330625167614,kakao
좌천동행정복지센터,주민센터,0.1,1.0,★ 외벽 24시간 함체 설치,129.04912604308345,35.131399290783705,kakao
좌천동방범초소,파출소·지구대,1.0,1.0,없음(24시간 상주),129.04909347379,35.1308438212155,kakao
무인민원발급창구 좌천동행정복지센터,주민센터,0.1,1.0,★ 외벽 24시간 함체 설치,129.049154325939,35.1313898007107,kakao
누림재가복지센터,경로당,0.1,1.0,★ 외벽 24시간 함체 설치,129.05056000545224,35.13149668497798,kakao
쉼터경로당,경로당,0.1,1.0,★ 외벽 24시간 함체 설치,129.0499409222516,35.13143687122799,kakao
SK행복충전 개인택시남부LPG충전소,주유소,0.4,0.8,야간 무인 구역에 함체 설치,129.054707162885,35.1306072567522,kakao
구도일주유소 부산진,주유소,0.4,0.8,야간 무인 구역에 함체 설치,129.05179875162932,35.131245913417985,kakao
부산초량6동 우편취급국,공공시설,0.1,1.0,★ 외벽 24시간 함체 설치,129.03509327902,35.1259999151113,kakao
열쇠마트,마트,0.4,0.6,영업시간 외 외벽 함체 설치,129.04502862328977,35.128009842463364,kakao
정화경로당,경로당,0.1,1.0,★ 외벽 24시간 함체 설치,129.034214533474,35.1261264179193,kakao
부산역 부산1호선,도시철도역,0.4,0.7,역사 외부 개방구역에 설치,129.039344263316,35.1145412381182,kakao
역전치안센터,파출소·지구대,1.0,1.0,없음(24시간 상주),129.04096397375463,35.11563412303635,kakao
초량2동행정복지센터,주민센터,0.1,1.0,★ 외벽 24시간 함체 설치,129.03846575212268,35.116520574904854,kakao
초량지구대,파출소·지구대,1.0,1.0,없음(24시간 상주),129.037478596119,35.1178384701824,kakao
초량1동행정복지센터,주민센터,0.1,1.0,★ 외벽 24시간 함체 설치,129.036978077137,35.1139466133302,kakao
탑마트 초량점,마트,0.4,0.6,영업시간 외 외벽 함체 설치,129.039433417367,35.1167097586783,kakao
CU M부산역점,편의점,1.0,1.0,없음(이미 24시간),129.03959575376453,35.114994800343716,kakao
SM24,편의점,0.4,0.9,운영시간 확인 후 야간 개방 협의,129.038936678549,35.116141368716,kakao
스토리웨이 부산역점,편의점,0.4,0.9,운영시간 확인 후 야간 개방 협의,129.04121673688385,35.11477555490836,kakao
"부산5,6홈타는곳 직영편의점",편의점,0.4,0.9,운영시간 확인 후 야간 개방 협의,129.041394210706,35.1150753586842,kakao
GS25 발리아쿠아랜드점,편의점,1.0,1.0,없음(이미 24시간),129.037984425918,35.1155139520441,kakao
GS25 부산은성점,편의점,1.0,1.0,없음(이미 24시간),129.039263327724,35.1118661196919,kakao
CU 부산역BRT점,편의점,1.0,1.0,없음(이미 24시간),129.039847621707,35.1160791757219,kakao
이마트24 초량상해점,편의점,1.0,1.0,없음(이미 24시간),129.03802333449087,35.113729878347776,kakao
CU 리마크빌부산역점,편의점,1.0,1.0,없음(이미 24시간),129.038582080123,35.113882690409,kakao
삼현석유 천일주유소,주유소,0.4,0.8,야간 무인 구역에 함체 설치,129.03875916869,35.11236303849652,kakao
초일경로당,경로당,0.1,1.0,★ 외벽 24시간 함체 설치,129.034635942929,35.1171400669986,kakao
이마트24 부산역아스티점,편의점,1.0,1.0,없음(이미 24시간),129.04185278987842,35.116003948709285,kakao
일팔경로당,경로당,0.1,1.0,★ 외벽 24시간 함체 설치,129.035183324594,35.1179815806378,kakao
부동산마트,마트,0.4,0.6,영업시간 외 외벽 함체 설치,129.038392290817,35.1115473415884,kakao
코사마트 새들슈퍼,마트,0.4,0.6,영업시간 외 외벽 함체 설치,129.039448402378,35.1171348593458,kakao
나들가게 신동마트,마트,0.4,0.6,영업시간 외 외벽 함체 설치,129.034439330704,35.1173488356169,kakao
신동슈퍼,마트,0.4,0.6,영업시간 외 외벽 함체 설치,129.039076340716,35.1147043532576,kakao
부산슈퍼 부산역점,마트,0.4,0.6,영업시간 외 외벽 함체 설치,129.03819057802264,35.113839711882186,kakao
나들가게 대일마트,마트,0.4,0.6,영업시간 외 외벽 함체 설치,129.036784129792,35.1108696660494,kakao
부영할인마트,마트,0.4,0.6,영업시간 외 외벽 함체 설치,129.036370417061,35.1152653290582,kakao
아웅산아시아마트,마트,0.4,0.6,영업시간 외 외벽 함체 설치,129.039820376305,35.1128750681073,kakao
신성상회,마트,0.4,0.6,영업시간 외 외벽 함체 설치,129.037662440937,35.1130663768702,kakao
축협알뜰마트,마트,0.4,0.6,영업시간 외 외벽 함체 설치,129.037032225799,35.1125975492727,kakao
부산중앙동4가우체국,공공시설,0.1,1.0,★ 외벽 24시간 함체 설치,129.0388701296572,35.111490639201335,kakao
애덕의집,경로당,0.1,1.0,★ 외벽 24시간 함체 설치,129.036890767056,35.1144923890497,kakao
예사랑노인복지센터,경로당,0.1,1.0,★ 외벽 24시간 함체 설치,129.04004921782527,35.113959831038144,kakao
빛과소금복지재단,경로당,0.1,1.0,★ 외벽 24시간 함체 설치,129.0373187773747,35.11679399596907,kakao
굿모닝주야간보호센터,경로당,0.1,1.0,★ 외벽 24시간 함체 설치,129.036394089174,35.1123829820231,kakao
GS25 초량차이나타운점,편의점,1.0,1.0,없음(이미 24시간),129.03820386691953,35.115297584515446,kakao
세븐일레븐 중앙센터점,편의점,1.0,1.0,없음(이미 24시간),129.038669953286,35.1101909120296,kakao
세븐일레븐 초량오거리점,편의점,1.0,1.0,없음(이미 24시간),129.038277600605,35.1166282760221,kakao
이마트24 부산역광장점,편의점,1.0,1.0,없음(이미 24시간),129.040506549748,35.1136520404137,kakao
서구종합사회복지관,공공시설,0.1,1.0,★ 외벽 24시간 함체 설치,129.026028806108,35.1111274688493,kakao
부산실버재가노인복지센터,경로당,0.1,1.0,★ 외벽 24시간 함체 설치,129.030775107533,35.1100170768222,kakao
효나눔노인복지센터,경로당,0.1,1.0,★ 외벽 24시간 함체 설치,129.031897440392,35.1132145511899,kakao
부산중구시니어클럽,경로당,0.1,1.0,★ 외벽 24시간 함체 설치,129.029554116047,35.1118579042114,kakao
중구노인복지관 분관,경로당,0.1,1.0,★ 외벽 24시간 함체 설치,129.032493854723,35.1102045425865,kakao
영주아파트 새마을노인회,경로당,0.1,1.0,★ 외벽 24시간 함체 설치,129.030078725744,35.1125808696177,kakao
영주2동 원로의집,경로당,0.1,1.0,★ 외벽 24시간 함체 설치,129.03206199084195,35.11401113245497,kakao
동산경로당,경로당,0.1,1.0,★ 외벽 24시간 함체 설치,129.027011007028,35.1128809493685,kakao
영주파출소,파출소·지구대,1.0,1.0,없음(24시간 상주),129.032189690438,35.1119110594887,kakao
영주1동주민센터,주민센터,0.1,1.0,★ 외벽 24시간 함체 설치,129.035030119211,35.1111172192422,kakao
영주2동주민센터,주민센터,0.1,1.0,★ 외벽 24시간 함체 설치,129.031816971424,35.1115640496331,kakao
GS25 부산영주점,편의점,1.0,1.0,없음(이미 24시간),129.03524615974422,35.11098472315226,kakao
GS25 민주전망대점,편의점,1.0,1.0,없음(이미 24시간),129.03288925824,35.1151723858462,kakao
이마트24 부산금호점,편의점,1.0,1.0,없음(이미 24시간),129.0305666857577,35.111561576745984,kakao
GS25 부산터널점,편의점,1.0,1.0,없음(이미 24시간),129.032556596558,35.1123771205021,kakao
부산대영우편취급국,공공시설,0.1,1.0,★ 외벽 24시간 함체 설치,129.033446395377,35.1128776629694,kakao
탑세일마트 영주점,마트,0.4,0.6,영업시간 외 외벽 함체 설치,129.03046819492192,35.112012011706874,kakao
GS25 부산시티점,편의점,1.0,1.0,없음(이미 24시간),129.0398788560586,35.11425287639726,kakao
세븐일레븐 부산중앙대로점,편의점,1.0,1.0,없음(이미 24시간),129.03746370927473,35.110723065600716,kakao
세븐일레븐 부산역점,편의점,1.0,1.0,없음(이미 24시간),129.03871499026457,35.11516732759645,kakao
GS25 부산차이나타운점,편의점,1.0,1.0,없음(이미 24시간),129.037075725297,35.114168462472,kakao
CU 나눔라마다호텔점,편의점,1.0,1.0,없음(이미 24시간),129.0404250190171,35.11425269243377,kakao
GS25 부산역점,편의점,1.0,1.0,없음(이미 24시간),129.03953998723458,35.11557339004059,kakao
CU 부산역광장점,편의점,1.0,1.0,없음(이미 24시간),129.040526950645,35.1131948028073,kakao
세븐일레븐 부산아르미나점,편의점,1.0,1.0,없음(이미 24시간),129.035317299406,35.125833941133,kakao
빅마트,마트,0.4,0.6,영업시간 외 외벽 함체 설치,129.03020486718162,35.11134414818618,kakao
CU 부산제일점,편의점,1.0,1.0,없음(이미 24시간),129.039445186666,35.1133103412236,kakao
동일슈퍼,마트,0.4,0.6,영업시간 외 외벽 함체 설치,129.03330220782925,35.117048907843916,kakao
풍성한마트,마트,0.4,0.6,영업시간 외 외벽 함체 설치,129.034984982338,35.1126535758451,kakao
나들가게 진주유통,마트,0.4,0.6,영업시간 외 외벽 함체 설치,129.032137316961,35.1105529681656,kakao
청운슈퍼,마트,0.4,0.6,영업시간 외 외벽 함체 설치,129.030398877694,35.1102793147123,kakao
CU 유라시아플랫폼점,편의점,1.0,1.0,없음(이미 24시간),129.0411096763912,35.11611109182616,kakao
GS25 부산광장점,편의점,1.0,1.0,없음(이미 24시간),129.0401393650159,35.11291295407591,kakao
GS25 초량스타점,편의점,1.0,1.0,없음(이미 24시간),129.04192727438857,35.117669859758706,kakao
GS25 초량하니엘점,편의점,1.0,1.0,없음(이미 24시간),129.04362148913,35.1235845133003,kakao
GS25 범양레우스점,편의점,1.0,1.0,없음(이미 24시간),129.04204339529332,35.1213987488306,kakao
GS25 동구초량점,편의점,1.0,1.0,없음(이미 24시간),129.0446645024098,35.12283516610693,kakao
CU 부산초량제일점,편의점,1.0,1.0,없음(이미 24시간),129.043849775697,35.1217467819965,kakao
GS25 부산롯데드메르점,편의점,1.0,1.0,없음(이미 24시간),129.047098636433,35.1188135980492,kakao
세븐일레븐 부산로미오점,편의점,1.0,1.0,없음(이미 24시간),129.0437439476425,35.12102312533545,kakao
CU 초량지원더뷰점,편의점,1.0,1.0,없음(이미 24시간),129.0435728449401,35.12282294421939,kakao
세븐일레븐 초량한양점,편의점,1.0,1.0,없음(이미 24시간),129.042455236017,35.1186089927767,kakao
가구종합전자마트,마트,0.4,0.6,영업시간 외 외벽 함체 설치,129.038346704822,35.1190494624335,kakao
슈퍼짐,마트,0.4,0.6,영업시간 외 외벽 함체 설치,129.0387315914763,35.11992613459027,kakao
동구할인마트,마트,0.4,0.6,영업시간 외 외벽 함체 설치,129.040661479606,35.1210940056616,kakao
서원탑훼밀리마트 초량점,마트,0.4,0.6,영업시간 외 외벽 함체 설치,129.040672861998,35.1196158940168,kakao
유니마트,마트,0.4,0.6,영업시간 외 외벽 함체 설치,129.04045972162,35.1191616888081,kakao
A마트,마트,0.4,0.6,영업시간 외 외벽 함체 설치,129.03967477454194,35.1180322201091,kakao
이화마트,마트,0.4,0.6,영업시간 외 외벽 함체 설치,129.035299192675,35.1214040872425,kakao
농축산마트 초량점,마트,0.4,0.6,영업시간 외 외벽 함체 설치,129.040152659133,35.1182837119049,kakao
CU 초량이편한점,편의점,1.0,1.0,없음(이미 24시간),129.03983125100868,35.12311939879109,kakao
CU 부산항드메르점,편의점,1.0,1.0,없음(이미 24시간),129.04799245104743,35.11881110993373,kakao
부산초량우체국,공공시설,0.1,1.0,★ 외벽 24시간 함체 설치,129.0377871278714,35.11811624947936,kakao
CU 부산G7점,편의점,1.0,1.0,없음(이미 24시간),129.04612133854738,35.11635549296251,kakao
CU 초량망양로점,편의점,1.0,1.0,없음(이미 24시간),129.03481827976046,35.12442568221271,kakao
십자수마트,마트,0.4,0.6,영업시간 외 외벽 함체 설치,129.040402307749,35.1237189742389,kakao
알뜰미니마트,마트,0.4,0.6,영업시간 외 외벽 함체 설치,129.041404549148,35.1224774010709,kakao
이코마트,마트,0.4,0.6,영업시간 외 외벽 함체 설치,129.04276739628838,35.12026098273509,kakao
캣마트 부산점,마트,0.4,0.6,영업시간 외 외벽 함체 설치,129.043063216101,35.1206434981247,kakao
더드림마트 초량점,마트,0.4,0.6,영업시간 외 외벽 함체 설치,129.0448982930255,35.122797877215575,kakao
킹마트,마트,0.4,0.6,영업시간 외 외벽 함체 설치,129.040371307571,35.12300396704157,kakao
해양두배로,마트,0.4,0.6,영업시간 외 외벽 함체 설치,129.043733117103,35.1214675848304,kakao
부산수정1동 우편취급국,공공시설,0.1,1.0,★ 외벽 24시간 함체 설치,129.0427854723091,35.12269744204375,kakao
인창동구노인복지센터,경로당,0.1,1.0,★ 외벽 24시간 함체 설치,129.042997233743,35.1225686088525,kakao
부산동구시니어클럽,경로당,0.1,1.0,★ 외벽 24시간 함체 설치,129.043175979931,35.1239281634764,kakao
초량역 부산1호선,도시철도역,0.4,0.7,역사 외부 개방구역에 설치,129.042661154399,35.1205304214806,kakao
초량119안전센터,소방서·안전센터,1.0,1.0,없음(24시간 상주),129.043195530574,35.1197932656979,kakao
주부산일본국총영사관,공공시설,0.1,1.0,★ 외벽 24시간 함체 설치,129.042477782082,35.1212688677471,kakao
동방석유 초량주유소,주유소,0.4,0.8,야간 무인 구역에 함체 설치,129.0445868699693,35.1235907551837,kakao
무인민원발급창구 초량3동행정복지센터,주민센터,0.1,1.0,★ 외벽 24시간 함체 설치,129.039793994102,35.1213176848101,kakao
어르신행복식당,경로당,0.1,1.0,★ 외벽 24시간 함체 설치,129.034931537407,35.1193231488094,kakao
초량4동선화경로당,경로당,0.1,1.0,★ 외벽 24시간 함체 설치,129.03475808672,35.1215213162891,kakao
새마을경로당,경로당,0.1,1.0,★ 외벽 24시간 함체 설치,129.032879379026,35.1193648064281,kakao
초량6동행정복지센터,주민센터,0.1,1.0,★ 외벽 24시간 함체 설치,129.034519250827,35.1200329865089,kakao
세븐일레븐 부산국제여객터미널1호점,편의점,1.0,1.0,없음(이미 24시간),129.04851158180006,35.116679178741464,kakao
세븐일레븐 부산국제여객터미널2호점,편의점,1.0,1.0,없음(이미 24시간),129.0484551028385,35.11652603356897,kakao
GS25 부관훼리점,편의점,1.0,1.0,없음(이미 24시간),129.04914649549502,35.11733170375392,kakao
초량이불마트,마트,0.4,0.6,영업시간 외 외벽 함체 설치,129.040553922465,35.1171342699731,kakao
부산초량3동우체국,공공시설,0.1,1.0,★ 외벽 24시간 함체 설치,129.04219028099158,35.118056535266106,kakao
스토리웨이,편의점,0.4,0.9,운영시간 확인 후 야간 개방 협의,129.041657104009,35.1155458465079,kakao
스토리웨이,편의점,0.4,0.9,운영시간 확인 후 야간 개방 협의,129.041460297957,35.1154383183932,kakao
스토리웨이,편의점,0.4,0.9,운영시간 확인 후 야간 개방 협의,129.042841638828,35.116163009601,kakao
스토리웨이,편의점,0.4,0.9,운영시간 확인 후 야간 개방 협의,129.042384200061,35.1151487930364,kakao
CU 부산마리나점,편의점,1.0,1.0,없음(이미 24시간),129.0449962881827,35.11614468759044,kakao
공영재가노인복지센터,경로당,0.1,1.0,★ 외벽 24시간 함체 설치,129.040141015741,35.120367415091,kakao
GS25 아스티오피스텔점,편의점,1.0,1.0,없음(이미 24시간),129.0418902129922,35.11649265392564,kakao
동구노인복지관 분관,경로당,0.1,1.0,★ 외벽 24시간 함체 설치,129.0348339945962,35.11954647527738,kakao
스토리웨이,편의점,0.4,0.9,운영시간 확인 후 야간 개방 협의,129.0426175987338,35.11500878193693,kakao
아리랑슈퍼,마트,0.4,0.6,영업시간 외 외벽 함체 설치,129.031498801337,35.1194204039319,kakao
세븐일레븐 초량육거리점,편의점,1.0,1.0,없음(이미 24시간),129.0388248104406,35.12001378200686,kakao
구봉경로당,경로당,0.1,1.0,★ 외벽 24시간 함체 설치,129.036624389896,35.1226470633789,kakao
대성슈퍼마켙,마트,0.4,0.6,영업시간 외 외벽 함체 설치,129.033776039802,35.1190794073997,kakao
주부산카자흐스탄총영사관,공공시설,0.1,1.0,★ 외벽 24시간 함체 설치,129.042082442687,35.1186134739228,kakao
초량2치안센터,파출소·지구대,1.0,1.0,없음(24시간 상주),129.039695253854,35.1201730578079,kakao
GS25 부산범양레우스점,편의점,1.0,1.0,없음(이미 24시간),129.040759698306,35.1220412839273,kakao
CU 초량센터점,편의점,1.0,1.0,없음(이미 24시간),129.038927658878,35.1184196818558,kakao
GS25 초량중앙점,편의점,1.0,1.0,없음(이미 24시간),129.039636872271,35.1217024263109,kakao
GS25 부산초량로점,편의점,1.0,1.0,없음(이미 24시간),129.036004370095,35.1195944021439,kakao
근대화슈퍼마켓,마트,0.4,0.6,영업시간 외 외벽 함체 설치,129.03439635132327,35.120118859110036,kakao
부산슈퍼,마트,0.4,0.6,영업시간 외 외벽 함체 설치,129.035069215133,35.1200958442453,kakao
정은재가복지센터,경로당,0.1,1.0,★ 외벽 24시간 함체 설치,129.035697007555,35.1198924474021,kakao
GS25 초량육거리점,편의점,1.0,1.0,없음(이미 24시간),129.03801520176026,35.120667234237146,kakao
CU 부산초량예스점,편의점,1.0,1.0,없음(이미 24시간),129.04126601973175,35.11938781911405,kakao
초량2동 주민센터,주민센터,0.1,1.0,★ 외벽 24시간 함체 설치,129.0384979,35.1165506,osm
초량1동 주민센터,주민센터,0.1,1.0,★ 외벽 24시간 함체 설치,129.0369639,35.1139578,osm
수정 119 안전센터,소방서·안전센터,1.0,1.0,없음(24시간 상주),129.0491047,35.129539,osm
부산 동부 경찰서,파출소·지구대,1.0,1.0,없음(24시간 상주),129.0492088,35.1299725,osm
초량 지구대,파출소·지구대,1.0,1.0,없음(24시간 상주),129.0376947,35.1178686,osm
봉생사회복지회,공공시설,0.1,1.0,★ 외벽 24시간 함체 설치,129.0488424,35.1322915,osm
초량 119 안전센터,소방서·안전센터,1.0,1.0,없음(24시간 상주),129.0431653,35.11976,osm
초량두배로마트,마트,0.4,0.6,영업시간 외 외벽 함체 설치,129.0384715,35.113018,osm
세븐일레븐,편의점,1.0,1.0,없음(이미 24시간),129.0369357,35.1141544,osm
(무명),편의점,0.4,0.9,운영시간 확인 후 야간 개방 협의,129.0505349,35.1311706,osm
S-OIL셀프 부산진주유소,주유소,0.4,0.8,야간 무인 구역에 함체 설치,129.0518304,35.131311,osm
수오경로당,경로당,0.1,1.0,★ 외벽 24시간 함체 설치,129.0412661,35.1344271,osm
동구장애인 복지관,공공시설,0.1,1.0,★ 외벽 24시간 함체 설치,129.0403956,35.130917,osm
S-Oil,주유소,0.4,0.8,야간 무인 구역에 함체 설치,129.0386877,35.1124467,osm
킹마트 24시간영업,마트,0.4,0.6,영업시간 외 외벽 함체 설치,129.0345669,35.1123515,osm
세븐일레븐,편의점,1.0,1.0,없음(이미 24시간),129.0407188,35.1172057,osm
부두 119 안전센터,소방서·안전센터,1.0,1.0,없음(24시간 상주),129.0522271,35.1256586,osm
초량 119 안전센터,소방서·안전센터,1.0,1.0,없음(24시간 상주),129.043211,35.1198878,osm
영주동 파출소,파출소·지구대,1.0,1.0,없음(24시간 상주),129.032193,35.11194,osm
영주2동 주민센터,주민센터,0.1,1.0,★ 외벽 24시간 함체 설치,129.0318267,35.1115883,osm
수정4동 주민센터,주민센터,0.1,1.0,★ 외벽 24시간 함체 설치,129.0407616,35.1271177,osm
수남문화센터,공공시설,0.1,1.0,★ 외벽 24시간 함체 설치,129.0517054,35.1271132,osm
GS25,편의점,1.0,1.0,없음(이미 24시간),129.03981,35.1140522,osm
GS25,편의점,1.0,1.0,없음(이미 24시간),129.0351957,35.1109478,osm
세븐일레븐,편의점,1.0,1.0,없음(이미 24시간),129.0375381,35.1107182,osm
GS25,편의점,1.0,1.0,없음(이미 24시간),129.0327215,35.1396741,osm
부산,도시철도역,0.4,0.7,역사 외부 개방구역에 설치,129.0425868,35.1155532,osm
GS25,편의점,1.0,1.0,없음(이미 24시간),129.0420011,35.1165738,osm
칠성미니슈퍼,마트,0.4,0.6,영업시간 외 외벽 함체 설치,129.0320731,35.1131007,osm
글마루작은도서관,공공시설,0.1,1.0,★ 외벽 24시간 함체 설치,129.0317357,35.1127281,osm
이마트24,편의점,1.0,1.0,없음(이미 24시간),129.0327769,35.1129579,osm
러브24시간편의점,편의점,1.0,1.0,없음(이미 24시간),129.0345143,35.1119456,osm
CU,편의점,1.0,1.0,없음(이미 24시간),129.0415237,35.1169235,osm
에이마트,마트,0.4,0.6,영업시간 외 외벽 함체 설치,129.03969,35.117853,osm
부산 동구청,공공시설,0.1,1.0,★ 외벽 24시간 함체 설치,129.0453138,35.129356,osm
(무명),마트,0.4,0.6,영업시간 외 외벽 함체 설치,129.0390962,35.1164551,osm
농심가할마트,마트,0.4,0.6,영업시간 외 외벽 함체 설치,129.034931,35.124159,osm
완플러스25할인마트,마트,0.4,0.6,영업시간 외 외벽 함체 설치,129.040164,35.113702,osm
화장품마트,마트,0.4,0.6,영업시간 외 외벽 함체 설치,129.048332,35.128741,osm
삼구유통광장마트;대성당,마트,0.4,0.6,영업시간 외 외벽 함체 설치,129.0473024,35.1302373,osm
동원드림마트,마트,0.4,0.6,영업시간 외 외벽 함체 설치,129.051087,35.133017,osm
동아빅마트,마트,0.4,0.6,영업시간 외 외벽 함체 설치,129.030179,35.113616,osm
몰종합마트,마트,0.4,0.6,영업시간 외 외벽 함체 설치,129.0481362,35.1297814,osm
J.U25시마트,마트,0.4,0.6,영업시간 외 외벽 함체 설치,129.043939,35.121504,osm
K할인마트,마트,0.4,0.6,영업시간 외 외벽 함체 설치,129.038295,35.118631,osm
삼구유통칸마트,마트,0.4,0.6,영업시간 외 외벽 함체 설치,129.047415,35.129957,osm
부산광역시동구도서관,공공시설,0.1,1.0,★ 외벽 24시간 함체 설치,129.0524148,35.1380187,osm
남해지방해양경찰청,파출소·지구대,1.0,1.0,없음(24시간 상주),129.055545,35.127254,osm
역전치안센터,파출소·지구대,1.0,1.0,없음(24시간 상주),129.042999,35.114976,osm
범일치안센터,파출소·지구대,1.0,1.0,없음(24시간 상주),129.0547551,35.13846,osm
초량2치안센터,파출소·지구대,1.0,1.0,없음(24시간 상주),129.040677,35.121306,osm
수정치안센터,파출소·지구대,1.0,1.0,없음(24시간 상주),129.043103,35.129994,osm
좌천치안센터,파출소·지구대,1.0,1.0,없음(24시간 상주),129.047761,35.133785,osm
부산진,도시철도역,0.4,0.7,역사 외부 개방구역에 설치,129.0492214,35.1290282,osm
초량,도시철도역,0.4,0.7,역사 외부 개방구역에 설치,129.0429702,35.1212017,osm
좌천,도시철도역,0.4,0.7,역사 외부 개방구역에 설치,129.0543505,35.1343358,osm
수정5동우체국,공공시설,0.1,1.0,★ 외벽 24시간 함체 설치,129.04286,35.133241,osm
초량3동우체국,공공시설,0.1,1.0,★ 외벽 24시간 함체 설치,129.042313,35.117894,osm
동방석유초량주유소,주유소,0.4,0.8,야간 무인 구역에 함체 설치,129.040677,35.121306,osm
GS25,편의점,1.0,1.0,없음(이미 24시간),129.0401505,35.1129425,osm
세븐일레븐,편의점,1.0,1.0,없음(이미 24시간),129.0417766,35.1203612,osm
부산보훈복지회관,주민센터,0.1,1.0,★ 외벽 24시간 함체 설치,129.0412725,35.1200683,osm
부산역,도시철도역,0.4,0.7,역사 외부 개방구역에 설치,129.0399028,35.1157262,osm
대양산업대박주유소,주유소,0.4,0.8,야간 무인 구역에 함체 설치,129.054866,35.129964,osm
동방석유청구주유소,주유소,0.4,0.8,야간 무인 구역에 함체 설치,129.051369,35.125974,osm
제일주유소,주유소,0.4,0.8,야간 무인 구역에 함체 설치,129.035044,35.111375,osm
대륙주유소,주유소,0.4,0.8,야간 무인 구역에 함체 설치,129.047561,35.126737,osm
해안주유소,주유소,0.4,0.8,야간 무인 구역에 함체 설치,129.0425151,35.1134676,osm
천일주유소,주유소,0.4,0.8,야간 무인 구역에 함체 설치,129.038815,35.112046,osm
서울주유소,주유소,0.4,0.8,야간 무인 구역에 함체 설치,129.038746,35.111821,osm
구봉우편취급국,공공시설,0.1,1.0,★ 외벽 24시간 함체 설치,129.035883,35.119635,osm
수정아파트우편취급국,공공시설,0.1,1.0,★ 외벽 24시간 함체 설치,129.041654,35.127338,osm
수정1동우편취급국,공공시설,0.1,1.0,★ 외벽 24시간 함체 설치,129.04299,35.122801,osm
초량6동우편취급국,공공시설,0.1,1.0,★ 외벽 24시간 함체 설치,129.036521,35.124065,osm
초량 지구대,파출소·지구대,1.0,1.0,없음(24시간 상주),129.0375918,35.1179127,osm
