집계구코드,행정동,75세이상인구_2026,안전센터_도로거리_m,하차후_도보거리_m,하차후_표고차_m,t1_출동_분,t2_접근_들것_분,t3_이송_분,총_도달시간_분,평지기준_도달시간_분,지연_분,지연_t1_분,지연_t2_분,지연_t3_분,위험도_거리기준,위험도_시간기준,구급차_분,oa_lon,oa_lat,면적_ha,산지포함_의심,최근접AED_m,최근접AED,AED_왕복_분,설치후_분,단축_분
21030550010007,초량6동,119.3,1162.0,4.0,1.0,7.04,0.35,11.86,23.24,22.25,0.99,0.47,0.15,0.37,0.912,1.0,7.39,129.03468118089322,35.124398298228215,3.560387756347656,False,34.99106269199625,농심가할마트,2.0,1.99974464834275,5.39025535165725
21030550010010,초량6동,128.5,1184.0,22.8,-7.0,6.61,2.37,9.58,22.56,20.27,2.29,0.48,1.46,0.35,1.0,0.993,8.98,129.03490067276527,35.12295885062471,3.4423716796875,False,133.23312702294004,농심가할마트,4.81,4.806660772084001,4.173339227915999
21030520010007,초량2동,129.6,1087.0,10.3,1.8,5.57,0.66,9.12,19.36,18.41,0.95,0.23,0.25,0.46,0.926,0.799,6.23,129.03442583348783,35.11796891570267,3.2327145263671877,False,93.96803823399468,초일경로당,3.68,3.6848010923998484,2.545198907600152
21030550010006,초량6동,86.1,1488.0,336.1,-45.4,7.29,18.42,11.86,41.56,35.65,5.91,0.47,5.07,0.37,0.731,0.725,25.71,129.02905009878086,35.12386101679752,97.53149309082032,True,537.2909544243893,농심가할마트,,25.71,0.0
21030700010010,좌천동,85.8,794.0,13.3,2.3,13.13,0.83,15.05,33.02,31.9,1.11,0.3,0.3,0.51,0.448,0.723,13.96,129.04847852076173,35.1353851784788,3.2705752197265623,False,134.57624259761334,세진슈퍼,4.85,4.845035502788953,9.114964497211048
21030700010002,좌천동,114.8,1014.0,22.1,-4.0,5.4,1.43,16.51,27.35,25.86,1.48,0.24,0.56,0.69,0.765,0.677,6.83,129.0531105592283,35.13567248929666,5.927784460449219,False,87.93708724638347,좌일경로당,3.51,3.5124882070395276,3.3175117929604725
21030550010008,초량6동,87.2,1105.0,39.4,-10.6,6.61,3.54,9.58,23.72,20.93,2.8,0.48,1.97,0.35,0.634,0.674,10.15,129.03178148772903,35.120088915873886,2.634399304199219,False,78.54867655005373,아리랑슈퍼,3.24,3.2442479014301067,6.905752098569893
21030700010007,좌천동,106.5,1049.0,25.9,-3.0,5.64,1.33,17.58,28.55,27.23,1.32,0.52,0.3,0.49,0.734,0.668,6.97,129.04949123048115,35.136236571880126,3.192951818847656,False,33.26023660747247,세진슈퍼,1.95,1.9502924744992134,5.019707525500786
21030550010001,초량6동,84.9,1173.0,40.9,-0.5,6.57,1.63,12.57,24.77,23.93,0.84,0.43,0.0,0.41,0.655,0.652,8.2,129.03435927623153,35.12591719233389,3.329487390136719,False,97.0561761904996,나눔재가복지센터,3.77,3.773033605442846,4.426966394557153
21030550010005,초량6동,97.5,932.0,26.6,-2.2,5.77,1.21,13.01,23.99,22.88,1.12,0.25,0.16,0.71,0.598,0.631,6.9799999999999995,129.03672584920398,35.12352436154187,2.865262158203125,False,97.80984364002587,구봉경로당,3.79,3.7945669611435964,3.185433038856403
21030550010002,초량6동,110.2,996.0,23.0,0.2,5.27,0.92,10.25,20.44,19.62,0.82,0.24,0.0,0.58,0.721,0.629,6.1899999999999995,129.03330880573714,35.119579119818106,3.1943737426757814,False,45.81911908076216,새마을경로당,2.31,2.309117688021776,3.8808823119782234
21030550010009,초량6동,112.5,937.0,27.2,8.0,5.16,2.7,10.81,22.67,20.21,2.46,0.25,1.62,0.59,0.692,0.623,7.86,129.03393738347242,35.12081579416543,4.397145166015625,False,108.31922677584329,초량4동선화경로당,4.09,4.09483505073838,3.76516494926162
21030700010011,좌천동,94.1,1250.0,2.8,-0.2,5.87,0.2,17.49,27.56,26.54,1.02,0.52,0.0,0.5,0.773,0.622,6.07,129.04817183495572,35.13783331760675,3.080363232421875,False,83.52261872026847,수정노인재가센터,3.39,3.3863605348648136,2.6836394651351867
21030510010004,초량1동,71.4,1339.0,4.8,1.4,7.24,0.48,7.42,19.14,18.08,1.06,0.53,0.28,0.26,0.607,0.602,7.720000000000001,129.0337798336523,35.11609455452299,1.5411057739257812,False,139.86135726418954,초일경로당,5.0,4.996038778976844,2.7239612210231563
21030520010005,초량2동,76.0,1262.0,82.1,5.8,6.61,3.57,8.55,22.72,21.6,1.12,0.48,0.31,0.34,0.631,0.588,10.18,129.0309390391943,35.117493610500496,9.36501026611328,False,219.86222842387903,아리랑슈퍼,7.28,7.281777954967973,2.8982220450320266
21030520010001,초량2동,94.7,958.0,36.2,0.7,5.32,1.44,9.12,19.88,19.19,0.69,0.22,0.0,0.46,0.596,0.548,6.76,129.03382431659952,35.11882887098339,2.1638688110351563,False,104.70929528129304,새마을경로당,3.99,3.991694150894087,2.768305849105913
21030700010006,좌천동,92.0,1416.0,11.5,-2.6,5.4,0.89,16.51,26.8,25.45,1.36,0.24,0.43,0.69,0.782,0.543,6.29,129.05398609995785,35.136277580405846,3.4733133422851563,False,25.918064884326185,좌일경로당,1.74,1.7405161395521769,4.549483860447824
21030700010003,좌천동,89.9,1038.0,40.8,7.3,5.44,2.63,16.78,28.85,26.81,2.04,0.36,1.01,0.67,0.614,0.536,8.07,129.05074857265987,35.13492796748009,3.3908184204101564,False,80.24622042054531,진주상회,3.29,3.2927491548727232,4.777250845127277
21030510010007,초량1동,103.8,854.0,2.5,0.1,4.78,0.2,10.5,19.48,18.97,0.51,0.16,0.0,0.35,0.583,0.515,4.98,129.0365159007278,35.11750797135707,2.9505059448242186,False,107.89220244267008,빛과소금복지재단,4.08,4.08263435550486,0.8973656444951406
21030700010001,좌천동,198.5,477.0,17.9,-0.7,3.13,0.72,14.41,22.26,21.74,0.52,0.02,0.01,0.49,0.623,0.491,3.8499999999999996,129.05103547474718,35.13177997240969,1.8965489990234374,False,53.55524904281316,누림재가복지센터,2.53,2.530149972651805,1.3198500273481946
21030520010601,초량2동,63.6,1156.0,33.5,-7.3,6.61,2.5,8.55,21.65,19.67,1.98,0.48,1.17,0.34,0.483,0.491,9.11,129.03177886923095,35.11830893483829,1.41374130859375,False,125.9777637201525,아리랑슈퍼,4.6,4.5993646777186425,4.510635322281357
21030510010010,초량1동,84.8,1052.0,6.1,1.1,5.2,0.39,8.18,17.77,17.17,0.6,0.21,0.15,0.24,0.587,0.475,5.59,129.03577589659116,35.11401229902059,1.9468122802734376,False,109.8811217707616,초량1동행정복지센터,4.14,4.13946062202176,1.4505393779782398
21030510010002,초량1동,60.3,1285.0,2.4,-0.8,6.3,0.31,8.61,19.23,18.3,0.92,0.39,0.11,0.43,0.509,0.438,6.609999999999999,129.0347989253666,35.11627891479517,2.1536802978515626,False,96.72786997024112,초일경로당,3.76,3.763653427721175,2.8463465722788244
21030700010012,좌천동,81.7,1239.0,12.3,0.9,4.98,0.53,7.65,17.16,16.57,0.59,0.14,0.05,0.41,0.665,0.43,5.510000000000001,129.05129878351048,35.133493925469075,3.9875964233398435,False,192.40384065128384,진주상회,6.5,5.510000000000001,0.0
21030700010009,좌천동,82.7,885.0,21.8,-4.3,4.92,1.51,17.0,27.43,25.91,1.52,0.38,0.65,0.49,0.481,0.428,6.43,129.04845761546147,35.134279008110795,2.549678796386719,False,141.74750908489358,진주상회,5.05,5.04992883099696,1.38007116900304
21030510010001,초량1동,84.8,1052.0,0.6,-0.1,4.84,0.2,8.71,17.75,17.33,0.42,0.18,0.0,0.24,0.587,0.428,5.04,129.0362044141803,35.114702798134886,1.8694207641601563,False,109.64694754277363,초량1동행정복지센터,4.13,4.1327699297935325,0.9072300702064675
21030550010003,초량6동,83.8,960.0,40.3,-5.9,4.85,2.31,10.81,21.97,20.42,1.55,0.19,0.71,0.65,0.529,0.425,7.16,129.03588468936942,35.12137375162691,3.6900199829101563,False,104.03416241120695,초량4동선화경로당,3.97,3.9724046403201987,3.1875953596798015
21030520010003,초량2동,122.1,743.0,9.6,0.6,3.8,0.41,10.7,18.91,18.49,0.42,0.03,0.03,0.36,0.597,0.425,4.21,129.03668290685388,35.119374167869495,2.52918623046875,False,292.18511061265446,빛과소금복지재단,9.35,4.21,0.0
21030510010005,초량1동,74.8,913.0,39.5,-9.4,4.89,3.15,9.14,21.18,19.14,2.04,0.18,1.58,0.28,0.449,0.384,8.04,129.0362091571235,35.11618623478553,2.39216767578125,False,121.61630590003999,빛과소금복지재단,4.47,4.4747515971439995,3.5652484028559996
21030520010201,초량2동,38.6,1262.0,46.0,4.6,6.9,2.21,8.32,21.43,20.27,1.16,0.46,0.39,0.31,0.32,0.316,9.11,129.03276916269806,35.11709616889138,0.829823828125,False,170.31354738427646,초일경로당,5.87,5.86610135383647,3.2438986461635295
21030700010015,좌천동,84.8,598.0,20.5,-3.3,3.91,1.24,15.98,25.13,24.03,1.1,0.15,0.43,0.52,0.333,0.309,5.15,129.04730044456102,35.133939390616305,2.584197253417969,False,147.33429280829637,박가네재가복지센터,5.21,5.15,0.0
21030520010008,초량2동,98.5,517.0,4.6,0.0,3.42,0.2,10.65,18.27,17.89,0.38,0.03,0.0,0.34,0.335,0.286,3.62,129.03900335039847,35.118492634675135,3.289588854980469,False,243.19811552871442,빛과소금복지재단,7.95,3.62,0.0
21030700010013,좌천동,91.0,708.0,55.8,6.6,3.56,2.88,15.57,26.01,24.71,1.3,0.13,0.67,0.5,0.423,0.283,6.4399999999999995,129.0460093004408,35.13434772346387,2.3701849365234375,False,60.91671831704138,박가네재가복지센터,2.74,2.7404776662011825,3.699522333798817
21030550010004,초량6동,78.0,624.0,26.3,2.1,3.84,1.18,11.76,20.78,19.92,0.86,0.07,0.14,0.65,0.32,0.276,5.02,129.03718143745647,35.12152705323755,3.8105435791015627,False,134.28832230414721,구봉경로당,4.84,4.83680920868992,0.18319079131007943
21030700010005,좌천동,86.8,430.0,39.5,-8.5,3.55,2.9,15.86,26.31,24.33,1.98,0.15,1.33,0.49,0.245,0.27,6.449999999999999,129.04920247343418,35.13222775343805,3.3005458374023435,False,148.0055813175674,누림재가복지센터,5.23,5.22873089478764,1.2212691052123592
21030520010006,초량2동,73.5,709.0,55.5,6.9,3.8,2.92,10.29,21.01,19.9,1.11,0.03,0.72,0.35,0.343,0.256,6.72,129.0373027242821,35.1181072025877,1.8787055053710937,False,145.75999037647009,빛과소금복지재단,5.16,5.164571153613432,1.555428846386568
21030700010004,좌천동,60.0,890.0,19.4,4.3,4.11,1.45,14.43,23.98,22.64,1.34,0.03,0.68,0.63,0.351,0.237,5.5600000000000005,129.05274782742993,35.13406135450598,2.7539891357421875,False,246.41741205287371,좌일경로당,8.04,5.5600000000000005,0.0
21030700010301,좌천동,26.9,1048.0,33.6,-2.5,13.13,1.48,15.05,33.66,32.71,0.96,0.3,0.14,0.51,0.185,0.226,14.610000000000001,129.04710523704182,35.1357822007555,1.129138232421875,False,131.8005701207433,박가네재가복지센터,4.77,4.76573057487838,9.84426942512162
21030700020002,좌천동,56.9,1017.0,7.1,0.0,4.05,0.28,15.3,23.62,23.04,0.58,0.05,0.0,0.53,0.38,0.219,4.33,129.05512767044263,35.1341346901194,6.293758581542969,False,237.17268425673623,좌일경로당,7.78,4.33,0.0
21030530020006,초량3동,97.0,725.0,31.8,0.7,2.97,1.27,11.24,19.48,19.06,0.42,0.05,0.0,0.37,0.462,0.216,4.24,129.04333088759003,35.12267483288401,0.8774822387695312,False,611.5770891017776,구봉경로당,,4.24,0.0
21030700010401,좌천동,49.6,477.0,42.3,-9.8,4.26,3.32,16.48,28.05,25.68,2.37,0.24,1.64,0.49,0.156,0.207,7.58,129.0504667825482,35.13237552569034,0.6210109375,False,97.91283715709875,누림재가복지센터,3.8,3.7975096330599647,3.7824903669400354
21030700010008,좌천동,75.5,535.0,6.6,-0.3,3.26,0.27,15.3,22.83,22.23,0.6,0.1,0.0,0.5,0.265,0.201,3.53,129.0466420841925,35.13270576301275,2.263718408203125,False,245.4589021081534,박가네재가복지센터,8.01,3.53,0.0
21030530020003,초량3동,55.8,509.0,0.7,0.0,3.76,0.2,11.99,19.96,19.42,0.53,0.11,0.0,0.43,0.187,0.191,3.96,129.0386537150475,35.12195259762228,4.175019079589844,False,200.46654300712748,구봉경로당,6.73,3.96,0.0
21030510010006,초량1동,39.1,855.0,10.3,0.9,4.68,0.48,9.14,18.3,17.81,0.49,0.14,0.07,0.28,0.22,0.188,5.16,129.03673366601643,35.1160440570959,2.1959709716796874,False,98.87124544938024,빛과소금복지재단,3.82,3.82489272712515,1.33510727287485
21030520010004,초량2동,63.6,594.0,49.9,1.8,3.35,2.0,10.7,20.05,19.62,0.43,0.05,0.02,0.36,0.248,0.178,5.35,129.0381365036461,35.11961535922615,2.5480626953125,False,321.8999249522587,빛과소금복지재단,10.2,5.35,0.0
21030510010011,초량1동,41.3,882.0,20.5,-0.5,4.0,0.82,9.19,18.02,17.67,0.34,0.08,0.0,0.26,0.239,0.156,4.82,129.0376248565712,35.114710331615534,1.3753264038085937,False,103.26887707659841,초량1동행정복지센터,3.95,3.950539345045669,0.8694606549543313
21030510010003,초량1동,31.2,1131.0,14.5,-0.1,4.65,0.58,9.53,18.76,18.27,0.49,0.18,0.0,0.31,0.232,0.149,5.23,129.0394107018519,35.113345762785855,7.259324145507812,False,231.66297632267361,초량1동행정복지센터,7.62,5.23,0.0
21030520010010,초량2동,54.8,655.0,2.4,-0.0,3.29,0.2,9.75,17.23,16.84,0.39,0.04,0.0,0.35,0.236,0.148,3.49,129.03916686850917,35.11675701576476,1.8949989135742187,False,168.5904564480087,빛과소금복지재단,5.82,3.49,0.0
21030510010009,초량1동,31.2,915.0,12.6,0.8,4.36,0.53,8.46,17.35,16.97,0.38,0.08,0.03,0.27,0.188,0.135,4.890000000000001,129.03727760709359,35.11349635306481,1.1123640747070314,False,56.95316632638481,초량1동행정복지센터,2.63,2.6272333236109944,2.262766676389006
21030530020401,초량3동,27.5,652.0,47.6,-0.7,4.64,1.89,12.91,23.44,22.93,0.51,0.15,0.0,0.36,0.118,0.131,6.529999999999999,129.03922128715345,35.123672990477665,1.1857940551757813,False,262.7646016365144,구봉경로당,8.51,6.529999999999999,0.0
21030530020001,초량3동,45.3,571.0,31.0,-1.1,3.41,1.24,12.08,20.74,20.19,0.55,0.1,0.01,0.44,0.17,0.131,4.65,129.04059329996005,35.122395444758226,2.5485885986328123,False,363.0034303815965,구봉경로당,11.37,4.65,0.0
21030700010016,좌천동,54.8,448.0,17.0,-0.7,3.04,0.68,15.41,23.13,22.54,0.59,0.09,0.01,0.49,0.161,0.128,3.72,129.04774318450035,35.132210954122094,1.495505810546875,False,268.796306694165,누림재가복지센터,8.68,3.72,0.0
21030700010014,좌천동,73.4,268.0,40.3,-2.2,2.51,1.65,14.96,23.12,22.56,0.56,0.02,0.05,0.49,0.129,0.113,4.16,129.04856380904536,35.13108752079445,2.8701870239257814,False,187.59564435144384,누림재가복지센터,6.36,4.16,0.0
21030700020101,좌천동,28.9,893.0,27.9,-0.7,3.91,1.11,15.3,24.32,23.74,0.58,0.05,0.0,0.53,0.17,0.106,5.0200000000000005,129.0520405962837,35.131401659498486,2.1761960083007814,False,135.41340098533973,누림재가복지센터,4.87,4.868954313866849,0.15104568613315106
21030520010002,초량2동,36.1,636.0,13.0,0.1,3.37,0.52,9.31,17.2,16.81,0.39,0.04,0.0,0.35,0.151,0.102,3.89,129.03892466804294,35.115743509502195,2.929593701171875,False,187.19673882598502,빛과소금복지재단,6.35,3.89,0.0
21030530020002,초량3동,46.1,348.0,25.0,-0.0,2.93,0.99,11.63,19.55,19.06,0.49,0.06,0.0,0.43,0.106,0.1,3.92,129.04016870727904,35.12117970065744,2.189984753417969,False,361.92486419669024,구봉경로당,11.34,3.92,0.0
21030520010009,초량2동,69.8,449.0,5.4,-0.3,2.42,0.22,9.82,16.46,16.08,0.38,0.03,0.0,0.34,0.206,0.097,2.64,129.04024978103917,35.11804059685487,2.7974397338867187,False,300.98365928967263,빛과소금복지재단,9.6,2.64,0.0
21030700010402,좌천동,36.2,7120.0,35.9,3.2,3.13,1.67,15.29,24.09,23.3,0.79,0.02,0.24,0.53,0.307,0.09,4.8,129.0511605597337,35.13268719457471,0.552684423828125,False,143.0326328299553,누림재가복지센터,5.09,4.8,0.0
21030530020007,초량3동,245.0,66.0,24.4,-1.3,1.74,0.99,10.5,17.23,16.83,0.4,0.01,0.03,0.37,0.106,0.088,2.73,129.04199320442797,35.120151348477776,3.641128137207031,False,562.5208299108907,구봉경로당,,2.73,0.0
21030530010901,초량3동,31.5,610.0,14.2,-0.2,3.05,0.56,12.54,20.16,19.68,0.48,0.03,0.0,0.45,0.126,0.074,3.61,129.04587592844942,35.12405204035475,0.5579539916992188,False,857.9371017335816,구봉경로당,,3.61,0.0
21030530020504,초량3동,20.2,792.0,43.4,1.7,3.82,1.74,12.4,21.96,21.46,0.51,0.13,0.02,0.37,0.105,0.071,5.56,129.04079521408974,35.12400356373815,0.5028139526367188,False,409.05206859159847,구봉경로당,,5.56,0.0
21030530020004,초량3동,37.2,325.0,24.4,2.2,2.65,1.13,11.04,18.82,18.26,0.56,0.03,0.17,0.37,0.079,0.065,3.78,129.0406483732015,35.120128057847644,3.0251056884765624,False,461.3277578689482,구봉경로당,,3.78,0.0
21030530010501,초량3동,30.7,280.0,25.1,1.0,2.83,1.01,12.13,19.96,19.52,0.45,0.0,0.01,0.44,0.057,0.062,3.84,129.04459325370672,35.12130650016868,0.39418583984375,False,741.7673110880105,구봉경로당,,3.84,0.0
21030530010401,초량3동,21.0,456.0,23.0,0.8,3.02,0.92,12.47,20.41,19.95,0.47,0.02,0.01,0.44,0.063,0.048,3.94,129.04507416612043,35.1223002061007,0.486681298828125,False,771.5030354761611,구봉경로당,,3.94,0.0
21030510010008,초량1동,13.4,984.0,36.4,-0.7,3.78,1.45,8.16,17.4,17.02,0.38,0.08,0.0,0.3,0.087,0.046,5.2299999999999995,129.03810262742405,35.112897511263995,1.3651373413085937,False,155.16673651615304,초량1동행정복지센터,5.43,5.2299999999999995,0.0
21030530020402,초량3동,8.9,770.0,49.8,-2.8,4.9,2.06,12.79,23.75,22.84,0.91,0.18,0.08,0.65,0.045,0.046,6.960000000000001,129.038267989556,35.12407185912456,1.0243177978515625,False,217.87946769901993,구봉경로당,7.23,6.960000000000001,0.0
21030530020101,초량3동,36.4,209.0,28.8,-1.2,2.24,1.16,10.9,18.29,17.83,0.47,0.06,0.01,0.39,0.05,0.041,3.4000000000000004,129.04191676978482,35.12139838879288,0.7513177978515625,False,502.12365450971566,구봉경로당,,3.4000000000000004,0.0
21030530020501,초량3동,10.5,571.0,25.6,0.5,3.82,1.02,12.4,21.24,20.75,0.49,0.13,0.0,0.37,0.039,0.037,4.84,129.04009126215956,35.123131431848186,0.46041390380859376,False,320.68329062112576,구봉경로당,10.16,4.84,0.0
21030530020503,초량3동,9.7,806.0,23.1,-1.1,3.89,0.93,12.49,21.3,20.77,0.53,0.13,0.01,0.39,0.051,0.035,4.82,129.04130206808435,35.1242743751962,0.34735360107421875,False,463.2189081741676,구봉경로당,,4.82,0.0
21030530020502,초량3동,9.7,764.0,38.7,1.3,3.82,1.55,12.4,21.77,21.27,0.5,0.13,0.01,0.37,0.049,0.034,5.37,129.04034297496352,35.12360477376505,0.43129815673828126,False,355.3676681182954,구봉경로당,11.15,5.37,0.0
21030700020201,좌천동,7.2,1106.0,20.3,0.1,4.57,0.8,13.71,23.09,22.4,0.69,0.06,0.0,0.63,0.053,0.034,5.37,129.05352551684334,35.1323196558684,0.8145170288085938,False,285.40878057770755,누림재가복지센터,9.15,5.37,0.0
21030530020005,초량3동,17.8,651.0,14.9,0.2,2.73,0.59,11.71,19.03,18.61,0.43,0.05,0.0,0.37,0.076,0.033,3.32,129.04486946730643,35.12514081999887,4.119049523925781,False,801.1898893614817,구봉경로당,,3.32,0.0
21030530010601,초량3동,12.1,411.0,20.3,0.3,3.28,0.81,12.77,20.86,20.37,0.48,0.03,0.0,0.45,0.033,0.033,4.09,129.0454770129214,35.123113976771144,0.4237751953125,False,808.9355669808702,구봉경로당,,4.09,0.0
21030530020103,초량3동,10.5,493.0,35.3,-1.8,2.93,1.43,11.63,19.98,19.47,0.51,0.06,0.02,0.43,0.034,0.023,4.36,129.04135223862812,35.12204989581545,0.5109457153320313,False,436.2015850085102,구봉경로당,,4.36,0.0
21030530020102,초량3동,17.0,348.0,34.2,-1.8,2.24,1.4,10.9,18.54,18.04,0.5,0.06,0.04,0.39,0.039,0.019,3.64,129.04104748905917,35.12145567244957,0.5246583374023438,False,424.4700575305317,구봉경로당,,3.64,0.0
21030530010001,초량3동,4.9,1069.0,4.4,-0.0,4.14,0.2,11.96,20.3,19.88,0.42,0.02,0.0,0.4,0.034,0.019,4.34,129.04647672189077,35.11629434759274,142.09530076904298,True,837.0204100312369,빛과소금복지재단,,4.34,0.0
21030530010201,초량3동,0.0,224.0,19.6,1.6,2.55,0.88,11.84,19.27,18.74,0.53,0.0,0.1,0.43,0.0,0.0,3.4299999999999997,129.04400999513177,35.12130853806479,0.46901475830078126,False,689.6938475103279,구봉경로당,,3.4299999999999997,0.0
21030530010002,초량3동,4.0,0.0,4.6,-0.6,1.5,0.26,10.74,16.49,16.06,0.43,0.0,0.06,0.37,0.0,0.0,1.76,129.04329325035772,35.12029776942029,11.380077209472656,False,661.6881648996197,구봉경로당,,1.76,0.0
