buildAddress,buildPlace,clerkTel,friEndTme,friSttTme,holEndTme,holSttTme,manager,managerTel,mfg,model,monEndTme,monSttTme,org,rnum,satEndTme,satSttTme,serialSeq,sunEndTme,sunFifYon,sunFrtYon,sunFurYon,sunScdYon,sunSttTme,sunThiYon,thuEndTme,thuSttTme,tueEndTme,tueSttTme,wedEndTme,wedSttTme,wgs84Lat,wgs84Lon,zipcode1,zipcode2,AED_기준,출처
"부산광역시 동구 충장대로 206 (초량동, 부산여객터미널)","2층갱웨이(선박,대합실 사이 통로)",051-966-3068,2000,600,2000.0,600.0,최**,010********,나눔테크,리하트 NT-381.C,2000.0,600.0,부산여객터미널(부산항만공사),1,2000.0,600.0,487-160126-000477,2000.0,Y,Y,Y,Y,600.0,Y,2000,600,2000.0,600.0,2000,600,35.1177462516,129.0491459123,487.0,51.0,2026-07,공공데이터포털 15000652
부산광역시 동구 구청로 1,4층 보건행정과(무료대여용),051-440-4500,2400,0,2400.0,0.0,이**,051*******,(주)나눔테크,NT-381.C,2400.0,0.0,부산동구보건소,2,2400.0,0.0,487-200911-043688,2400.0,Y,Y,Y,Y,0.0,Y,2400,0,2400.0,0.0,2400,0,35.1292975675,129.0452982033,487.0,81.0,2026-07,공공데이터포털 15000652
부산광역시 동구 중앙대로 514 606호,경비실입구,051-633-4597,2400,0,2400.0,0.0,김**,010********,(주)라디안,HR-501-B,2400.0,0.0,한성기린프라자아파트,3,2400.0,0.0,487-170802-000832,2400.0,Y,Y,Y,Y,0.0,Y,2400,0,2400.0,0.0,2400,0,35.1389771856,129.0569486225,487.0,26.0,2026-07,공공데이터포털 15000652
"부산광역시 동구 구청로 1, 동구보건소 (수정동)",1층민원실,051-440-4500,1800,900,,,김**,051*******,(주)나눔테크,NT-381.C,1800.0,900.0,부산동구보건소,4,,,487-191115-026053,,N,N,N,N,,N,1800,900,1800.0,900.0,1800,900,35.1293703969,129.0449343107,487.0,81.0,2026-07,공공데이터포털 15000652
"부산광역시 동구 수정중로11번길 23, 수정2동주민센터 (수정동)",주민센터안,051-440-6207,2400,0,,,홍**,051*******,(주)나눔테크,NT-381.C,2400.0,0.0,수정2동행정복지센터,5,,,487-191205-026054,,N,N,N,N,,N,2400,0,2400.0,0.0,2400,0,35.1299517298,129.0426273029,487.0,82.0,2026-07,공공데이터포털 15000652
"부산광역시 동구 좌천남로 19, 좌천동 주민센터 (좌천동)",주민센터안,051-440-6268,1800,900,,,안**,051*******,(주)나눔테크,NT-381.C,1800.0,900.0,좌천동행정복지센터,6,,,487-191205-026056,,N,N,N,N,,N,1800,900,1800.0,900.0,1800,900,35.1313898007,129.0491543259,487.0,73.0,2026-07,공공데이터포털 15000652
"부산광역시 동구 자성로116번길 2  (범일동, 두산위브포세이돈Ⅱ)",아파트 정문 경비실,051-646-7060,2400,0,2400.0,0.0,유**,010********,나눔테크,HeartKeeper,2400.0,0.0,두산위브포세이돈2아파트,7,2400.0,0.0,487-180629-001890,2400.0,Y,Y,Y,Y,0.0,Y,2400,0,2400.0,0.0,2400,0,35.136231178,129.0634594037,487.0,48.0,2026-07,공공데이터포털 15000652
"부산광역시 동구 홍곡로 53, 부산광역시립중앙도서관 수정분관 (수정동)",1층 복도,0514400371,2400,0,2400.0,0.0,최**,051*******,(주)라디안,HR-501,2400.0,0.0,부산광역시립중앙도서관 수정분관,8,2400.0,0.0,487-191205-027472,2400.0,Y,Y,Y,Y,0.0,Y,2400,0,2400.0,0.0,2400,0,35.1244463708,129.0404467802,487.0,85.0,2026-07,공공데이터포털 15000652
부산광역시 동구 망양로 748,복지관 2층,070-7854-2642,1800,900,,,유**,010********,메디아나,Heart On A15,1800.0,900.0,동구장애인복지관,9,,,487-170920-000901,,N,N,N,N,,N,1800,900,1800.0,900.0,1800,900,35.130917228,129.0404195781,487.0,82.0,2026-07,공공데이터포털 15000652
부산광역시 동구 범일로 108,역무 안전실 인근,051-678-6117,2400,500,2400.0,500.0,이**,051*******,메디아나,Heart On A15,2400.0,500.0,부산교통공사범일역,10,2400.0,500.0,487-170920-000903,2400.0,Y,Y,Y,Y,500.0,Y,2400,500,2400.0,500.0,2400,500,35.1396099265,129.0596726343,487.0,38.0,2026-07,공공데이터포털 15000652
부산광역시 동구 구청로 1,체육센터 내,051-440-9031,2400,0,2400.0,0.0,양**,051*******,나눔테크,ReHeart NT381,2400.0,0.0,국민체육문예센터,11,2400.0,0.0,487-170921-000905,2400.0,Y,Y,Y,Y,0.0,Y,2400,0,2400.0,0.0,2400,0,35.1289529498,129.0446742121,487.0,81.0,2026-07,공공데이터포털 15000652
부산광역시 동구 구청로 1,국민체육문예센터 내,051-440-9031,2400,0,2400.0,0.0,양**,051*******,나눔테크,ReHeart NT381,2400.0,0.0,국민체육문예센터,12,2400.0,0.0,487-170921-000906,2400.0,Y,Y,Y,Y,0.0,Y,2400,0,2400.0,0.0,2400,0,35.1289529498,129.0446742121,487.0,81.0,2026-07,공공데이터포털 15000652
"부산광역시 동구 충장대로 206 (초량동, 부산여객터미널)",3층 대합실,051-966-3068,2000,600,2000.0,600.0,최**,010********,나눔테크,리하트 NT-381.C,2000.0,600.0,부산여객터미널(부산항만공사),13,2000.0,600.0,487-171026-000981,2000.0,Y,Y,Y,Y,600.0,Y,2000,600,2000.0,600.0,2000,600,35.1177462516,129.0491459123,487.0,51.0,2026-07,공공데이터포털 15000652
"부산광역시 동구 충장대로 206 (초량동, 부산여객터미널)",제2터미널,051-966-3068,2000,600,2000.0,600.0,최**,010********,나눔테크,리하트 NT-381.C,2000.0,600.0,부산여객터미널(부산항만공사),14,2000.0,600.0,487-171026-000982,2000.0,Y,Y,Y,Y,600.0,Y,2000,600,2000.0,600.0,2000,600,35.1177462516,129.0491459123,487.0,51.0,2026-07,공공데이터포털 15000652
"부산광역시 동구 홍곡로 50 (초량동, 이편한세상부산항)",정문 주경비실,051-469-9507,2400,0,2400.0,0.0,위**,051*******,(주)라디안큐바이오,HR-501,2400.0,0.0,e편한세상부산항아파트관리사무소,15,2400.0,0.0,487-200320-032283,2400.0,Y,Y,Y,Y,0.0,Y,2400,0,2400.0,0.0,2400,0,35.1230888901,129.040214165,487.0,94.0,2026-07,공공데이터포털 15000652
"부산광역시 동구 중앙대로 206, 한국철도공사부산지역본부 (초량동)",2층 E/S 16호기 앞,051-440-2288,2400,0,2400.0,0.0,여**,051*******,씨유메디칼 시스템,sp1 plus,2400.0,0.0,한국철도공사 부산역,16,2400.0,0.0,487-200408-032949,2400.0,Y,Y,Y,Y,0.0,Y,2400,0,2400.0,0.0,2400,0,35.1148991145,129.0416387707,487.0,60.0,2026-07,공공데이터포털 15000652
"부산광역시 동구 중앙대로 206, 한국철도공사부산지역본부 (초량동)",2층 8번 출입구 옆,051-440-2288,2400,0,2400.0,0.0,여**,051*******,씨유메디칼 시스템,sp1 plus,2400.0,0.0,한국철도공사 부산역,17,2400.0,0.0,487-200408-032953,2400.0,Y,Y,Y,Y,0.0,Y,2400,0,2400.0,0.0,2400,0,35.1147046342,129.0414145718,487.0,60.0,2026-07,공공데이터포털 15000652
"부산광역시 동구 중앙대로 206, 한국철도공사부산지역본부 (초량동)",2층 7번 출입구 앞 기둥,051-440-2288,2400,0,2400.0,0.0,여**,051*******,씨유메디칼 시스템,sp1 plus,2400.0,0.0,한국철도공사 부산역,18,2400.0,0.0,487-200408-032954,2400.0,Y,Y,Y,Y,0.0,Y,2400,0,2400.0,0.0,2400,0,35.1151307344,129.0417980936,487.0,60.0,2026-07,공공데이터포털 15000652
"부산광역시 동구 중앙대로 421, 제일나라병원 (좌천동)",구급차 내부(71서 8614),051-646-0505,2400,0,2400.0,0.0,김**,010********,(주)메디아나,HEART ON A15-G4,2400.0,0.0,부산나라요양병원,19,2400.0,0.0,487-200504-033940,2400.0,Y,Y,Y,Y,0.0,Y,2400,0,2400.0,0.0,2400,0,35.1321586019,129.0518474346,487.0,75.0,2026-07,공공데이터포털 15000652
"부산광역시 동구 자성로 134, 눌원빌딩 3층 (범일동)",한국마사회 부산동부지사 3층,051-999-1014,1800,900,,,정**,051*******,필립스,Heart Start,,,한국마사회부산동구지사,20,1800.0,900.0,487-210208-052693,1800.0,Y,Y,Y,Y,900.0,Y,1800,900,,,1800,900,35.1366343699,129.0650399612,487.0,48.0,2026-07,공공데이터포털 15000652
"부산광역시 동구 충장대로 255, 부산진역 (초량동)",부산진역(수송팀)1층 로비,051-440-2573,2400,0,2400.0,0.0,정**,051*******,씨유메디칼시스템,CU-SPI Plus,2400.0,0.0,한국철도공사부산진역,21,2400.0,0.0,487-210402-056344,2400.0,Y,Y,Y,Y,0.0,Y,2400,0,2400.0,0.0,2400,0,35.1248231304,129.0476215476,487.0,59.0,2026-07,공공데이터포털 15000652
"부산광역시 동구 중앙대로 364, 청십자병원 (수정동)",병원 1층 로비,051-469-1011,1800,900,,,손**,051*******,(주)메디아나,A15-G4,1800.0,900.0,청십자요양병원,22,,,487-200525-034884,,N,N,N,N,,N,1800,900,1800.0,900.0,1800,900,35.1277990154,129.0483758133,487.0,28.0,2026-07,공공데이터포털 15000652
부산광역시 동구 망양로685번길 2  (수정동),민원실,051-440-6222,1800,900,,,백**,051*******,씨유메디칼시스템,CU-SP1 Plus,1800.0,900.0,수정4동행정복지센터,23,,,487-181217-014776,,N,N,N,N,,N,1800,900,1800.0,900.0,1800,900,35.1271106507,129.0406839346,487.0,14.0,2026-07,공공데이터포털 15000652
부산광역시 동구 초량중로 38 2층 (초량동),동구평생학습관(2층),051-440-4081,1800,900,,,강**,051*******,씨유메디칼시스템,CU-SP1,1800.0,900.0,동구평생학습관,24,,,488-181217-014803,,N,N,N,N,,N,1800,900,1800.0,900.0,1800,900,35.1151511528,129.0375871441,488.0,18.0,2026-07,공공데이터포털 15000652
부산광역시 동구 영초윗길 48  (초량동),행정사무실,051-468-1248,1800,900,,,정**,051*******,씨유메디칼시스템,CU-SP1 Plus,1800.0,900.0,장기려기념더나눔센터,25,,,488-181217-014805,,N,N,N,N,,N,1800,900,1800.0,900.0,1800,900,35.118535928,129.0326525849,488.0,8.0,2026-07,공공데이터포털 15000652
부산광역시 동구 중앙대로209번길 30  (초량동),민원실,051-440-6136,1800,900,,,정**,051*******,씨유메디칼시스템,CU-SP1,1800.0,900.0,초량2동행정복지센터,26,,,488-181217-014819,,N,N,N,N,,N,1800,900,1800.0,900.0,1800,900,35.1165345818,129.0384902297,488.0,16.0,2026-07,공공데이터포털 15000652
"부산광역시 동구 대영로 261, 은성빌딩 (초량동)",구급차 내(722다9290),051-463-9119,2400,0,2400.0,0.0,박**,010********,(주)필립스코리아,HEARTSTART HS1,2400.0,0.0,척시원병원,27,2400.0,0.0,488-200602-035543,2400.0,Y,Y,Y,Y,0.0,Y,2400,0,2400.0,0.0,2400,0,35.1118657649,129.0392629899,488.0,22.0,2026-07,공공데이터포털 15000652
"부산광역시 동구 증산서로 24, 증산해마루 (좌천동)",증산해마루 1층 출입구,051-440-6266,2200,600,,,안**,051*******,㈜나눔테크,NT-381.C,2200.0,600.0,증산해마루,28,,,487-210730-064430,,N,N,N,N,,N,2200,600,2200.0,600.0,2200,600,35.1366680623,129.0488858897,487.0,67.0,2026-07,공공데이터포털 15000652
"부산광역시 동구 충장대로 206 (초량동, 부산여객터미널)",대합실 3층 의무대기실,051-966-3068,2000,600,2000.0,600.0,최**,010********,(주)메디아나,HeartOn A10-G4,2000.0,600.0,부산여객터미널(부산항만공사),29,2000.0,600.0,487-190110-015459,2000.0,Y,Y,Y,Y,600.0,Y,2000,600,2000.0,600.0,2000,600,35.1175129767,129.0493834405,487.0,51.0,2026-07,공공데이터포털 15000652
부산광역시 동구 중앙대로 206 부산역 (초량동),1층 5번출구 KTX특송 사무실 옆,051-440-2288,2400,0,2400.0,0.0,여**,051*******,씨유메디칼시스템,CU-SPI 플러스,2400.0,0.0,한국철도공사 부산역,30,2400.0,0.0,487-190411-017727,2400.0,Y,Y,Y,Y,0.0,Y,2400,0,2400.0,0.0,2400,0,35.1150226393,129.0417953958,487.0,60.0,2026-07,공공데이터포털 15000652
부산광역시 동구 중앙대로 206 부산역 (초량동),"E/S 7호기 앞(북쪽 3,4번 타는곳)",051-440-2288,2400,0,2400.0,0.0,여**,051*******,씨유메디칼시스템,CU-SP1 plus,2400.0,0.0,한국철도공사 부산역,31,2400.0,0.0,487-190411-017730,2400.0,Y,Y,Y,Y,0.0,Y,2400,0,2400.0,0.0,2400,0,35.1146530849,129.0423345362,487.0,60.0,2026-07,공공데이터포털 15000652
부산광역시 동구 중앙대로 206 부산역 (초량동),E/S 6호기 앞(북쪽 1번 타는 곳),051-440-2288,2400,0,2400.0,0.0,여**,051*******,씨유메디칼시스템,CU-SP1 plus,2400.0,0.0,한국철도공사 부산역,32,2400.0,0.0,487-190411-017731,2400.0,Y,Y,Y,Y,0.0,Y,2400,0,2400.0,0.0,2400,0,35.1151175212,129.0415126132,487.0,60.0,2026-07,공공데이터포털 15000652
부산광역시 동구 중앙대로 206 부산역 (초량동),"1층 노조지부사무실 앞(E/S 8,28호기)앞",051-440-2288,2400,0,2400.0,0.0,여**,051*******,씨유메디칼시스템,CU-SP1 plus,2400.0,0.0,한국철도공사 부산역,33,2400.0,0.0,487-190411-017748,2400.0,Y,Y,Y,Y,0.0,Y,2400,0,2400.0,0.0,2400,0,35.1149884549,129.0416848695,487.0,60.0,2026-07,공공데이터포털 15000652
부산광역시 동구 중앙대로 206 부산역 (초량동),"2층 하늘맞이방 타는곳 8,9(E/S12호기)앞",051-440-2288,2400,0,2400.0,0.0,여**,051*******,씨유메디칼시스템,CU-SP1 plus,2400.0,0.0,한국철도공사 부산역,34,2400.0,0.0,487-190411-017749,2400.0,Y,Y,Y,Y,0.0,Y,2400,0,2400.0,0.0,2400,0,35.1151531835,129.0415354378,487.0,60.0,2026-07,공공데이터포털 15000652
부산광역시 동구 중앙대로 206 부산역 (초량동),"남쪽 5,6 타는곳 앞(바다 맞이방)",051-440-2288,2400,0,2400.0,0.0,여**,051*******,씨유메디칼시스템,CU-SP1 plus,2400.0,0.0,한국철도공사 부산역,35,2400.0,0.0,487-190411-017750,2400.0,Y,Y,Y,Y,0.0,Y,2400,0,2400.0,0.0,2400,0,35.1147042648,129.0414364972,487.0,60.0,2026-07,공공데이터포털 15000652
부산광역시 동구 중앙대로 206 부산역 (초량동),철도경찰 옆(신원문고 앞),051-440-2288,2400,0,2400.0,0.0,여**,051*******,씨유메디칼시스템,CU-SP1 plus,2400.0,0.0,한국철도공사 부산역,36,2400.0,0.0,487-190411-017751,2400.0,Y,Y,Y,Y,0.0,Y,2400,0,2400.0,0.0,2400,0,35.1146322014,129.041434699,487.0,60.0,2026-07,공공데이터포털 15000652
"부산광역시 동구 초량중로 74, 새부산병원 (초량동)",구급차 내(78나2307),051-711-1000,1800,900,,,김**,010********,(주)메디아나,HEART ON A15,1800.0,900.0,새부산병원,37,1300.0,900.0,488-200602-035594,,N,N,N,N,,N,1800,900,1800.0,900.0,1800,900,35.1183136227,129.0391520481,488.0,15.0,2026-07,공공데이터포털 15000652
"부산광역시 동구 홍곡로 71, 수정1동 주민자치센터 (수정동)",수정1동행정복지센터 민원실,051-440-6181,1800,900,,,노**,051*******,(주)씨유메디칼시스템,CU-SP1,1800.0,900.0,수정1동행정복지센터,38,,,487-210827-065593,,N,N,N,N,,N,1800,900,1800.0,900.0,1800,900,35.1254190753,129.0422556597,487.0,85.0,2026-07,공공데이터포털 15000652
"부산광역시 동구 초량상로 112, 초량3동주민센터 (초량동)",초량3동행정복지센터 입구,051-440-6152,1800,900,,,안**,051*******,(주)씨유메디칼시스템,G1T1Y119,1800.0,900.0,초량3동행정복지센터,39,,,487-210827-065594,,N,N,N,N,,N,1800,900,1800.0,900.0,1800,900,35.1213190617,129.0397924929,487.0,97.0,2026-07,공공데이터포털 15000652
"부산광역시 동구 초량로 75, 초량6동주민자치센터 (초량동)",초량6동행정복지센터 입구,051-440-6161,1800,900,,,박**,051*******,(주)씨유메디칼시스템,CU-SP1,1800.0,900.0,초량6동행정복지센터,40,,,488-210827-065595,,N,N,N,N,,N,1800,900,1800.0,900.0,1800,900,35.1200286037,129.0345226515,488.0,6.0,2026-07,공공데이터포털 15000652
"부산광역시 동구 중앙대로179번길 33, 초량1동주민자치센터 (초량동)",행정복지센터 민원실,051-440-6102,1800,900,,,김**,051*******,(주)씨유메디칼시스템,CU-SP1,1800.0,900.0,초량1동행정복지센터,41,,,488-210827-065596,,N,N,N,N,,N,1800,900,1800.0,900.0,1800,900,35.1139359716,129.0369624581,488.0,20.0,2026-07,공공데이터포털 15000652
부산광역시 동구 중앙대로 206 부산역 (초량동),"E/S 8호기 앞(북쪽 5,6 타는 곳)",051-440-2288,2400,0,2400.0,0.0,여**,051*******,씨유메디칼시스템,CU-SP1 plus,2400.0,0.0,한국철도공사 부산역,42,2400.0,0.0,487-190411-017752,2400.0,Y,Y,Y,Y,0.0,Y,2400,0,2400.0,0.0,2400,0,35.1161523688,129.043205493,487.0,60.0,2026-07,공공데이터포털 15000652
"부산광역시 동구 범일로 119, 좋은문화병원 (범일동)",구급차 내(77주2154),051-644-2002,2400,0,2400.0,0.0,김**,010********,NIHON KODHEN,AED-2100K,2400.0,0.0,좋은문화병원,43,2400.0,0.0,487-200603-035922,2400.0,Y,Y,Y,Y,0.0,Y,2400,0,2400.0,0.0,2400,0,35.1407897063,129.0590486185,487.0,35.0,2026-07,공공데이터포털 15000652
"부산광역시 동구 망양로 488, 망양로 산복도로 전시관 3층 (초량동)",망양로산복도로전시관 3층,051-440-4714,2400,0,2400.0,0.0,이**,051*******,(주)씨유메디칼시스템,CU-SP1,2400.0,0.0,망양로산복도로전시관,44,2400.0,0.0,488-210930-067424,2400.0,Y,Y,Y,Y,0.0,Y,2400,0,2400.0,0.0,2400,0,35.1176741742,129.0332089499,488.0,9.0,2026-07,공공데이터포털 15000652
부산광역시 동구 범일로 112 (범일동),간호사실,051-715-1144,2400,0,2400.0,0.0,서**,051*******,NIHONKOHDEN,AED-2100K,2400.0,0.0,더힐러스병원,45,2400.0,0.0,487-200608-036959,2400.0,Y,Y,Y,Y,0.0,Y,2400,0,2400.0,0.0,2400,0,35.1399381704,129.0596649986,487.0,38.0,2026-07,공공데이터포털 15000652
부산광역시 동구 범일로 112 (범일동),구급차 내(72마 8966),051-715-1144,2400,0,2400.0,0.0,서**,051*******,NIHONKOHDEN,AED-2100K,2400.0,0.0,더힐러스병원,46,2400.0,0.0,487-200608-036973,2400.0,Y,Y,Y,Y,0.0,Y,2400,0,2400.0,0.0,2400,0,35.1399381704,129.0596649986,487.0,38.0,2026-07,공공데이터포털 15000652
"부산광역시 동구 중앙대로 206, 한국철도공사부산지역본부 (초량동)",2층 맞이방 B&C 앞,051-440-2288,2400,0,2400.0,0.0,여**,051*******,씨유메디칼시스템,CU-SP1 Plus,2400.0,0.0,한국철도공사 부산역,47,2400.0,0.0,487-211026-068587,2400.0,Y,Y,Y,Y,0.0,Y,2400,0,2400.0,0.0,2400,0,35.1148633811,129.0413527292,487.0,60.0,2026-07,공공데이터포털 15000652
"부산광역시 동구 중앙대로 206, 한국철도공사부산지역본부 (초량동)",9번 승강장 북쪽,051-440-2288,2400,0,2400.0,0.0,여**,051*******,씨유메디칼시스템,CU-SP1 Plus,2400.0,0.0,한국철도공사 부산역,48,2400.0,0.0,487-211026-068589,2400.0,Y,Y,Y,Y,0.0,Y,2400,0,2400.0,0.0,2400,0,35.115300916,129.0423945782,487.0,60.0,2026-07,공공데이터포털 15000652
"부산광역시 동구 중앙대로 206, 한국철도공사부산지역본부 (초량동)",10번 승강장 북쪽,051-440-2288,2400,0,2400.0,0.0,여**,051*******,씨유메디칼시스템,CU-SP1 Plus,2400.0,0.0,한국철도공사 부산역,49,2400.0,0.0,487-211026-068590,2400.0,Y,Y,Y,Y,0.0,Y,2400,0,2400.0,0.0,2400,0,35.1169490283,129.0440589263,487.0,60.0,2026-07,공공데이터포털 15000652
"부산광역시 동구 중앙대로 357 (수정동, 협성휴포레부산진역)",102동 1층 경비실 내,051-461-0311,2400,0,2400.0,0.0,박**,010********,(주)나눔테크,Heart Keeper,2400.0,0.0,협성휴포레아파트,50,2400.0,0.0,487-200615-037912,2400.0,Y,Y,Y,Y,0.0,Y,2400,0,2400.0,0.0,2400,0,35.1275472902,129.0469645997,487.0,90.0,2026-07,공공데이터포털 15000652
부산광역시 동구 안창로 90 (범일동),행복동구 건강생활지원센터 1층 남자화장실 옆,051-440-6380,1800,900,,,남**,051*******,(주)나눔테크,NT-381.C,1800.0,900.0,행복동구건강생활지원센터,51,,,487-200702-039251,,N,N,N,N,,N,1800,900,1800.0,900.0,1800,900,35.1442895536,129.0397040007,487.0,0.0,2026-07,공공데이터포털 15000652
부산광역시 동구 초량중로 114,관리사무소 앞,051-469-8892,2400,0,2400.0,0.0,김**,051*******,(주)나눔테크,Heart Keeper,2400.0,0.0,범양레우스센트럴베이아파트,52,2400.0,0.0,487-200708-039559,2400.0,Y,Y,Y,Y,0.0,Y,2400,0,2400.0,0.0,2400,0,35.1211428036,129.0417233164,487.0,95.0,2026-07,공공데이터포털 15000652
부산광역시 동구 중앙대로260번길 3-9 (초량동),센터 입구,051-463-7707,1800,900,,,고**,051*******,㈜나눔테크,NT-381.C,1800.0,900.0,부산소망종합지원센터,53,,,487-200723-040526,,N,N,N,N,,N,1800,900,1800.0,900.0,1800,900,35.1205541458,129.0431888718,487.0,31.0,2026-07,공공데이터포털 15000652
"부산광역시 동구 중앙대로 지하 264, 초량역 (초량동)",대합실 발매기 인근,051-678-6114,2410,510,2410.0,510.0,김**,051*******,㈜나눔테크,NT-381.C,2410.0,510.0,도시철도 초량역,54,2410.0,510.0,487-200723-040527,2410.0,Y,Y,Y,Y,510.0,Y,2410,510,2410.0,510.0,2410,510,35.1211680273,129.0429908763,487.0,31.0,2026-07,공공데이터포털 15000652
"부산광역시 동구 중앙대로 지하 350, 부산진역 (초량동)",대합실 보충기인근,051-678-6115,2400,500,2400.0,500.0,이**,051*******,㈜나눔테크,NT-381.C,2400.0,500.0,도시철도 부산진역,55,2400.0,500.0,487-200723-040543,2400.0,Y,Y,Y,Y,500.0,Y,2400,500,2400.0,500.0,2400,500,35.127272433,129.0474979403,487.0,90.0,2026-07,공공데이터포털 15000652
부산광역시 동구 중앙대로 지하 446 (좌천동),역무안전실 앞(맞은편 통합발매기91 우측),051-678-6116,2354,455,2354.0,455.0,이**,051*******,㈜나눔테크,NT-381.C,2354.0,455.0,도시철도 좌천역,56,2354.0,455.0,487-200723-040548,2354.0,Y,Y,Y,Y,455.0,Y,2354,455,2354.0,455.0,2354,455,35.1343024702,129.0543097885,487.0,27.0,2026-07,공공데이터포털 15000652
부산광역시 동구 구청로 1 민원봉사과,민원여권과 앞,051-440-4264,2400,0,2400.0,0.0,장**,051*******,메디아나,Heart On A15,2400.0,0.0,동구청,57,2400.0,0.0,487-170717-000790,2400.0,Y,Y,Y,Y,0.0,Y,2400,0,2400.0,0.0,2400,0,35.1292975675,129.0452982034,487.0,81.0,2026-07,공공데이터포털 15000652
부산광역시 동구 자성로140번길 32,1층 홀,051-632-7597,1800,900,,,김**,051*******,메디아나,Heart On A15,1800.0,900.0,자성대노인복지관,58,,,487-170717-000791,,N,N,N,N,,N,1800,900,1800.0,900.0,1800,900,35.1356435819,129.0648472006,487.0,48.0,2026-07,공공데이터포털 15000652
부산광역시 동구 초량남로 12,B1층,051-714-6092,1800,900,,,조**,051*******,메디아나,Heart On A15,1800.0,900.0,동구노인복지관분관,59,,,488-170717-000792,,N,N,N,N,,N,1800,900,1800.0,900.0,1800,900,35.1195625791,129.034840976,488.0,6.0,2026-07,공공데이터포털 15000652
부산광역시 동구 구청로 1,4층 보건행정과(무료대여용),051-440-4500,2400,0,2400.0,0.0,이**,051*******,메디아나,HeartOn A15,2400.0,0.0,부산동구보건소,60,2400.0,0.0,487-200909-043575,2400.0,Y,Y,Y,Y,0.0,Y,2400,0,2400.0,0.0,2400,0,35.1292975675,129.0452982033,487.0,81.0,2026-07,공공데이터포털 15000652
"부산광역시 동구 충장대로 206, 부산항 국제여객터미널 (초량동)",초량동 45-69 일원 (제조번호 : D1R311630046),051-442-8871,2400,0,2400.0,0.0,정**,010********,(주)라디안큐바이오,Heart Guardian HR-501-B,2400.0,0.0,롯데건설(주),61,2400.0,0.0,487-230106-107175,2400.0,Y,Y,Y,Y,0.0,Y,2400,0,2400.0,0.0,2400,0,35.1177469739,129.0491458206,487.0,51.0,2026-07,공공데이터포털 15000652
"부산광역시 동구 충장대로 206, 부산항 국제여객터미널 (초량동)",초량동 45-69 일원 (제조번호 : D01118070431),051-442-8871,2400,0,2400.0,0.0,정**,010********,(주)라디안큐바이오,Heart Guardian HR-501-B,2400.0,0.0,롯데건설(주),62,2400.0,0.0,487-230106-107180,2400.0,Y,Y,Y,Y,0.0,Y,2400,0,2400.0,0.0,2400,0,35.1177469739,129.0491458206,487.0,51.0,2026-07,공공데이터포털 15000652
"부산광역시 동구 구청로 14, 동구보훈회관 (수정동)",치매안심센터 6층,051-440-9011,1800,900,,,송**,051*******,씨유메디칼시스템,CU-SP1,1800.0,900.0,동구치매안심센터,63,,,487-230106-107185,,N,N,N,N,,N,1800,900,1800.0,900.0,1800,900,35.128331137,129.0450056161,487.0,82.0,2026-07,공공데이터포털 15000652
"부산광역시 동구 중앙대로 314, 한국부동산원 (초량동)",부산사옥 1층 승강기 앞,051-462-0401,2400,0,2400.0,0.0,윤**,051*******,(주)나눔테크,ReHeart NT-38.C,2400.0,0.0,한국부동산원부산동부지사,64,2400.0,0.0,487-230112-109101,2400.0,Y,Y,Y,Y,0.0,Y,2400,0,2400.0,0.0,2400,0,35.1243372371,129.0451235773,487.0,29.0,2026-07,공공데이터포털 15000652
"부산광역시 동구 중앙대로 314, 한국부동산원 (초량동)",부산사옥 12층 사무실 입구 앞,051-462-0401,2400,0,2400.0,0.0,윤**,051*******,(주)나눔테크,ReHeart NT-38.C,2400.0,0.0,한국부동산원부산동부지사,65,2400.0,0.0,487-230112-109102,2400.0,Y,Y,Y,Y,0.0,Y,2400,0,2400.0,0.0,2400,0,35.1243372371,129.0451235773,487.0,29.0,2026-07,공공데이터포털 15000652
"부산광역시 동구 중앙대로 317, 세일병원 (초량동)",구급차 내부,051-464-8110,1800,900,,,남**,010********,(주)라디안큐바이오,HR-501,1800.0,900.0,세일병원,66,,,487-220720-085152,,N,N,N,N,,N,1800,900,1800.0,900.0,1800,900,35.1248497432,129.0445943239,487.0,92.0,2026-07,공공데이터포털 15000652
부산광역시 동구 범일로 38 (범일동),102동 지상1층 호이스트 옆,051-647-9351,2400,0,2400.0,0.0,이**,010********,메디아나,HeartOn A15-G4,2400.0,0.0,(주)대우건설부산범일동주상복합현장,67,2400.0,0.0,487-230224-116470,2400.0,Y,Y,Y,Y,0.0,Y,2400,0,2400.0,0.0,2400,0,35.1332720401,129.0600432256,487.0,49.0,2026-07,공공데이터포털 15000652
부산광역시 동구 범일로 38 (범일동),GATE#1 경비실,051-647-9351,2400,0,2400.0,0.0,이**,010********,(주)나눔테크,HeartSaver NT-285,2400.0,0.0,(주)대우건설부산범일동주상복합현장,68,2400.0,0.0,487-240104-151036,2400.0,Y,Y,Y,Y,0.0,Y,2400,0,2400.0,0.0,2400,0,35.1332720401,129.0600432256,487.0,49.0,2026-07,공공데이터포털 15000652
부산광역시 동구 범일로 38 (범일동),GATE#4 경비실,051-647-9351,2400,0,2400.0,0.0,이**,010********,(주)나눔테크,HeartPlus NT-180B,2400.0,0.0,(주)대우건설부산범일동주상복합현장,69,2400.0,0.0,487-240104-151037,2400.0,Y,Y,Y,Y,0.0,Y,2400,0,2400.0,0.0,2400,0,35.1332720401,129.0600432256,487.0,49.0,2026-07,공공데이터포털 15000652
부산광역시 동구 범일로 38 (범일동),GATE#2 경비실,051-647-9351,2400,0,2400.0,0.0,이**,010********,(주)메디아나,HeartOn A15-G4,2400.0,0.0,(주)대우건설부산범일동주상복합현장,70,2400.0,0.0,487-240104-151038,2400.0,Y,Y,Y,Y,0.0,Y,2400,0,2400.0,0.0,2400,0,35.1332720401,129.0600432256,487.0,49.0,2026-07,공공데이터포털 15000652
부산광역시 동구 범일로 38 (범일동),시험실 앞,051-647-9351,2400,0,2400.0,0.0,이**,010********,(주)라디안,Heart Guardian HR-501-B,2400.0,0.0,(주)대우건설부산범일동주상복합현장,71,2400.0,0.0,487-240104-151039,2400.0,Y,Y,Y,Y,0.0,Y,2400,0,2400.0,0.0,2400,0,35.1332720401,129.0600432256,487.0,49.0,2026-07,공공데이터포털 15000652
부산광역시 동구 수정동 721 수정산꿈자람터,사무실 내,051-440-4515,1800,900,1800.0,900.0,김**,051*******,나눔테크,ReHeart / NT-381.G,1800.0,900.0,수정산꿈자람터,72,1800.0,900.0,000-241127-177945,1800.0,Y,Y,Y,Y,900.0,Y,1800,900,1800.0,900.0,1800,900,35.1360349357,129.033309312,,,2026-07,공공데이터포털 15000652
"부산광역시 동구 수정서로 4, 동구장애인회관 (수정동)",회관 입구,051-440-4332,1800,900,,,조**,051*******,나눔테크,ReHeart / NT-381.G,1800.0,900.0,동구장애인회관,73,,,487-241127-177954,,N,N,N,N,,N,1800,900,1800.0,900.0,1800,900,35.1298591779,129.0424724077,487.0,82.0,2026-07,공공데이터포털 15000652
"부산광역시 동구 충장대로289번길 17, 수남문화센터 (좌천동)",1층 수남부녀경로당 내,051-645-8226,1700,1000,,,김**,051*******,나눔테크,ReHeart / NT-381.G,1700.0,1000.0,수남부녀경로당,74,,,487-241127-177956,,N,N,N,N,,N,1700,1000,1700.0,1000.0,1700,1000,35.1269851125,129.0518301556,487.0,58.0,2026-07,공공데이터포털 15000652
"부산광역시 동구 수정서로 20-1, 조양경로당 (수정동)",경로당 내,051-468-3207,1700,1400,,,한**,051*******,나눔테크,ReHeart / NT-381.G,1700.0,1400.0,조양경로당,75,,,487-241127-177968,,N,N,N,N,,N,1700,1400,1700.0,1400.0,1700,1400,35.1309835717,129.0430118916,487.0,79.0,2026-07,공공데이터포털 15000652
"부산광역시 동구 중앙대로 지하200, 부산교통공사 부산역 (초량동)",역무실 입구,051-678-6113,2359,450,2359.0,450.0,김**,051*******,나눔테크,ReHeart / NT-381.G,2359.0,450.0,도시철도 부산역,76,2359.0,450.0,487-241127-177969,2359.0,Y,Y,Y,Y,450.0,Y,2359,450,2359.0,450.0,2359,450,35.1144392315,129.0392796459,487.0,60.0,2026-07,공공데이터포털 15000652
"부산광역시 동구 초량중로 113, 이바구복합문화체육센터 1층 (초량동)",1층 로비,051-603-0201,2100,900,100.0,0.0,이**,051*******,나눔테크,ReHeart / NT-381.G,2100.0,900.0,이바구복합문화센터1층,77,2100.0,900.0,487-241127-177970,100.0,N,N,N,N,0.0,N,2100,900,2100.0,900.0,2100,900,35.1217010539,129.0405158311,487.0,96.0,2026-07,공공데이터포털 15000652
"부산광역시 동구 초량중로 113, 이바구복합문화체육센터 6층 (초량동)",6층 로비,051-440-4377,2100,600,,,양**,051*******,나눔테크,ReHeart / NT-381.G,2100.0,600.0,이바구복합문화센터6층,78,1700.0,900.0,487-241127-178021,,N,N,N,N,,N,2100,600,2100.0,600.0,2100,600,35.1217010539,129.0405158312,487.0,96.0,2026-07,공공데이터포털 15000652
"부산광역시 동구 초량중로 113, 이바구복합문화체육센터 7층 (초량동)",7층 로비,051-440-4377,2100,600,,,양**,051*******,나눔테크,ReHeart / NT-381.G,2100.0,600.0,이바구복합문화센터7층,79,1700.0,900.0,487-241127-178022,,N,N,N,N,,N,2100,600,2100.0,600.0,2100,600,35.1217010539,129.0405158312,487.0,96.0,2026-07,공공데이터포털 15000652
"부산광역시 동구 중앙대로260번길 7, 초량119안전센터 (초량동)",초량 119안전센터 펌프차 내(998두3355),051-760-4143,2400,0,2400.0,0.0,1**,051*******,씨유메디컬,CU-SPR,2400.0,0.0,부산중부소방서,80,2400.0,0.0,487-221021-092431,2400.0,Y,Y,Y,Y,0.0,Y,2400,0,2400.0,0.0,2400,0,35.1197972849,129.0432083538,487.0,31.0,2026-07,공공데이터포털 15000652
"부산광역시 동구 중앙대로 206, 한국철도공사부산지역본부 5층 (초량동)",건강관리실 앞,051-440-2960,2400,0,2400.0,0.0,정**,051*******,(주)라디안큐바이오,HR-503-KT,2400.0,0.0,한국철도공사부산경남본부(직원사무실),81,2400.0,0.0,487-221110-093558,2400.0,Y,Y,Y,Y,0.0,Y,2400,0,2400.0,0.0,2400,0,35.1176051265,129.0450602163,487.0,60.0,2026-07,공공데이터포털 15000652
"부산광역시 동구 자성로 2(좌천동, 부산항 일동미라주 더오션 (1지구))",2지구 경비실 앞 벽면,051-647-9866,2400,0,2400.0,0.0,김**,010********,(주)메디아나,HeartON A15-G4,2400.0,0.0,부산항일동미라주더오션아파트,82,2400.0,0.0,487-221117-094956,2400.0,Y,Y,Y,Y,0.0,Y,2400,0,2400.0,0.0,2400,0,35.1324631715,129.0533540792,487.0,28.0,2026-07,공공데이터포털 15000652
"부산광역시 동구 자성로 2(좌천동, 부산항 일동미라주 더오션 (1지구))",1지구 경비실 입구,051-647-9866,2400,0,2400.0,0.0,김**,010********,(주)메디아나,HeartON A15-G4,2400.0,0.0,부산항일동미라주더오션아파트,83,2400.0,0.0,487-221117-094957,2400.0,Y,Y,Y,Y,0.0,Y,2400,0,2400.0,0.0,2400,0,35.1317285111,129.0524570781,487.0,28.0,2026-07,공공데이터포털 15000652
"부산광역시 동구 중앙대로 514 (범일동, 한성기린프라자)",경비실2 입구,051-633-4597,2400,0,2400.0,0.0,김**,010********,라디안,HR-502,2400.0,0.0,한성기린프라자아파트,84,2400.0,0.0,487-240403-158749,2400.0,Y,Y,Y,Y,0.0,Y,2400,0,2400.0,0.0,2400,0,35.1389771856,129.0569486225,487.0,26.0,2026-07,공공데이터포털 15000652
부산광역시 동구 중앙대로 224 (초량동),2층 마이홈센터 앞,051-460-5907,2400,0,,,이**,051*******,메디아나,HeartOn A15-G4,2400.0,0.0,한국토지주택공사부산울산지역본부,85,,,487-241211-179571,,N,N,N,N,,N,2400,0,2400.0,0.0,2400,0,35.1169403763,129.041150877,487.0,33.0,2026-07,공공데이터포털 15000652
부산광역시 동구 중앙대로 224 (초량동),10층 열다방,051-460-5907,1800,900,,,이**,051*******,메디아나,HeartOn A15-G4,1800.0,900.0,한국토지주택공사부산울산지역본부,86,,,487-241211-179572,,N,N,N,N,,N,1800,900,1800.0,900.0,1800,900,35.1169403763,129.041150877,487.0,33.0,2026-07,공공데이터포털 15000652
"부산광역시 동구 자성로 134, 눌원빌딩 4층 (범일동)",한국마사회 동구지사,051-999-1014,1800,900,,,정**,051*******,(주)메디아나,HeartOn A16-DS,,,한국마사회부산동구지사,87,1800.0,900.0,487-221206-098089,1800.0,Y,Y,Y,Y,900.0,Y,1800,900,,,1800,900,35.1366343699,129.0650399612,487.0,48.0,2026-07,공공데이터포털 15000652
"부산광역시 동구 중앙대로226번길 7-3, 거영빌딩 3층 (초량동)",3층 출입문앞,0516374111,1800,900,,,김**,010********,씨유메디컬,저출력심장충격기,1800.0,900.0,(주)하나종합관리,88,,,487-240415-159737,,N,N,N,N,,N,1800,900,1800.0,900.0,1800,900,35.1171085689,129.0418013943,487.0,33.0,2026-07,공공데이터포털 15000652
"부산광역시 동구 초량중로 67, 부산지방국토관리청 (초량동)",본관 1층 현관,051-660-1023,1800,900,,,김**,051*******,(주)씨유메디칼시스템,CU-SP1,1800.0,900.0,부산지방국토관리청,89,,,488-231010-139794,,N,N,N,N,,N,1800,900,1800.0,900.0,1800,900,35.1180316853,129.0382445692,488.0,14.0,2026-07,공공데이터포털 15000652
"부산광역시 동구 범일로 21 (범일동, 두산위브더제니스하버시티)",생활지원센터 입구,051-714-0188,2400,0,2400.0,0.0,박**,010********,(주)메디아나,HeartOn A15-G4,2400.0,0.0,두산위브더제니스하버시티,90,2400.0,0.0,487-231030-141673,2400.0,Y,Y,Y,Y,0.0,Y,2400,0,2400.0,0.0,2400,0,35.1320401862,129.0586307893,487.0,53.0,2026-07,공공데이터포털 15000652
"부산광역시 동구 부산진성공원로 23, KT부산정보통신센터 (범일동)",13층쉼터 맞은편,051-639-9566,2400,0,2400.0,0.0,민**,010********,나눔테크,NT-381.O,2400.0,0.0,(주)KT,91,2400.0,0.0,487-240704-166309,2400.0,Y,Y,Y,Y,0.0,Y,2400,0,2400.0,0.0,2400,0,35.1377085882,129.0624303839,487.0,45.0,2026-07,공공데이터포털 15000652
"부산광역시 동구 조방로16번길 17 (범일동, 범일한양아파트)",근로자휴게실,070-4660-3127,1700,700,,,최**,010********,메디아나,Hearton A15-G4,1700.0,700.0,DL건설범일3구역,92,1700.0,700.0,487-240724-167757,,N,N,N,N,,N,1700,700,1700.0,700.0,1700,700,35.1399636538,129.0641132407,487.0,40.0,2026-07,공공데이터포털 15000652
"부산광역시 동구 조방로16번길 17 (범일동, 범일한양아파트)",2gate경비실,070-4660-3127,1700,700,,,최**,010********,메디아나,Hearton A15-G4,1700.0,700.0,DL건설범일3구역,93,1700.0,700.0,487-240724-167758,,N,N,N,N,,N,1700,700,1700.0,700.0,1700,700,35.1399636538,129.0641132407,487.0,40.0,2026-07,공공데이터포털 15000652
"부산광역시 동구 중앙대로 401, 봉생병원 (좌천동)",정신건강의학과 외래,051-664-4000,1900,700,,,장**,051*******,Zoll,AED Plus,1900.0,700.0,김원묵기념봉생병원,94,1400.0,700.0,487-221223-102551,,N,N,N,N,,N,1900,700,1900.0,700.0,1900,700,35.1308619651,129.0505616379,487.0,75.0,2026-07,공공데이터포털 15000652
"부산광역시 동구 정공단로 27, 일신기독병원 (좌천동)",내시경 센터,051-630-0436,2400,0,2400.0,0.0,박**,051*******,(주)메디아나,HeartOn A15-G4,2400.0,0.0,(재)한호기독교선교회일신기독병원,95,2400.0,0.0,487-221229-103368,2400.0,Y,Y,Y,Y,0.0,Y,2400,0,2400.0,0.0,2400,0,35.1357753221,129.0544168995,487.0,24.0,2026-07,공공데이터포털 15000652
"부산광역시 동구 충장대로 314, 한국허치슨터미널(주) (좌천동)",G-star호(BSR-240024),051-294-1603,2400,0,2400.0,0.0,정**,010********,라디안큐바이오,HR-501,2400.0,0.0,주식회사지오뷰[G-star호],96,2400.0,0.0,487-250509-190807,2400.0,Y,Y,Y,Y,0.0,Y,2400,0,2400.0,0.0,2400,0,35.126375702,129.0572263292,487.0,50.0,2026-07,공공데이터포털 15000652
"부산광역시 동구 자성로133번길 16, 시민회관 (범일동)",부산시민회관 소극장로비,051-607-6000,2200,900,2200.0,900.0,권**,051*******,라디안,Heart Guardian HR-502,,,(재)부산문화회관,97,2200.0,900.0,487-250604-192187,2200.0,Y,Y,Y,Y,900.0,Y,2200,900,2200.0,900.0,2200,900,35.1388463833,129.0652239796,487.0,42.0,2026-07,공공데이터포털 15000652
"부산광역시 동구 자성로133번길 16, 시민회관 (범일동)",부산시민회관 대극장로비,051-607-6000,2200,900,2200.0,900.0,권**,051*******,라디안,Heart Guardian HR-502,,,(재)부산문화회관,98,2200.0,900.0,487-250604-192188,2200.0,Y,Y,Y,Y,900.0,Y,2200,900,2200.0,900.0,2200,900,35.1388463833,129.0652239796,487.0,42.0,2026-07,공공데이터포털 15000652
부산광역시 동구 초량동  초량동 1185-46 부산항(북항) 재개발 사업 C-1BL 환승센터,1층 안전교육장,051-469-8556,1800,700,,,신**,051*******,라디안큐바이오,HR-501,1800.0,700.0,(주)협성종합건업,99,1800.0,700.0,000-250611-192274,,N,N,N,N,,N,1800,700,1800.0,700.0,1800,700,35.1145797438,129.0450800028,,,2026-07,공공데이터포털 15000652
"부산광역시 동구 충장대로 206, 부산항 국제여객터미널 (초량동)",2층 대합실,051-966-3068,2000,600,2000.0,600.0,최**,010********,나눔테크,NT-381.O,2000.0,600.0,부산여객터미널(부산항만공사),100,2000.0,600.0,487-250703-193998,2000.0,Y,Y,Y,Y,600.0,Y,2000,600,2000.0,600.0,2000,600,35.1175129767,129.0493834405,487.0,51.0,2026-07,공공데이터포털 15000652
"부산광역시 동구 충장대로 206, 부산항 국제여객터미널 (초량동)","3층 갱웨이(선박,대합실 사이 통로)",051-966-3068,2000,600,2000.0,600.0,최**,010********,나눔테크,NT-381.O,2000.0,600.0,부산여객터미널(부산항만공사),101,2000.0,600.0,487-250703-193999,2000.0,Y,Y,Y,Y,600.0,Y,2000,600,2000.0,600.0,2000,600,35.1175129767,129.0493834405,487.0,51.0,2026-07,공공데이터포털 15000652
"부산광역시 동구 범일로 119, 좋은문화병원 1층 (범일동)",본관 1층,051-644-2002,2400,0,2400.0,0.0,김**,010********,메디아나,HeartOn A15-G4,2400.0,0.0,좋은문화병원,102,2400.0,0.0,487-260320-213682,2400.0,Y,Y,Y,Y,0.0,Y,2400,0,2400.0,0.0,2400,0,35.1407897063,129.0590486185,487.0,35.0,2026-07,공공데이터포털 15000652
"부산광역시 동구 범일로89번길 69, 좋은문화병원 별관 2층 (범일동)",별관 2층,051-644-2002,2400,0,2400.0,0.0,김**,010********,메디아나,HeartOn A15-G4,2400.0,0.0,좋은문화병원,103,2400.0,0.0,487-260320-213684,2400.0,Y,Y,Y,Y,0.0,Y,2400,0,2400.0,0.0,2400,0,35.1407258865,129.0584557979,487.0,35.0,2026-07,공공데이터포털 15000652
"부산광역시 동구 홍곡중로5번길 24, 동구노인복지회관 (수정동)",1층 로비,051-467-7887,1800,900,,,오**,051*******,(주)나눔테크,Reheart NT-381.Al,1800.0,900.0,동구노인종합복지관,104,,,487-251113-204737,,N,N,N,N,,N,1800,900,1800.0,900.0,1800,900,35.1258109626,129.0404176475,487.0,86.0,2026-07,공공데이터포털 15000652
"부산광역시 동구 수정공원로 63-1, 수정산 가족체육공원 관리동, 화장실동 (수정동)",관리사무소 1층,051-441-1690,1800,900,1800.0,900.0,김**,051*******,(주)나눔테크,Reheart NT-381.AI,1800.0,900.0,수정산가족체육공원,105,1800.0,900.0,487-251113-204738,1800.0,Y,Y,Y,Y,900.0,Y,1800,900,1800.0,900.0,1800,900,35.1330037694,129.0377495103,487.0,8.0,2026-07,공공데이터포털 15000652
"부산광역시 동구 조방로 15, 동부산우체국 (범일동)",1층 엘레베이터 앞,051-630-1425,1800,900,,,채**,051*******,나눔테크,Reheart NT-381.AI,1800.0,900.0,동부산우체국,106,,,487-251117-205208,,N,N,N,N,,N,1800,900,1800.0,900.0,1800,900,35.1382233214,129.0622617018,487.0,44.0,2026-07,공공데이터포털 15000652
