TOT_OA_CD,ADM_CD,dong,oa_area_m2,cx,cy,entry_node,dist_station_m,p65,p75,p80,p75_2026,f_age,f_reach,risk,risk_norm,lon,lat
21030510010005,21030510,초량1동,23949.583165417556,385631.9964201186,281882.67410381325,1771195595,913.4409184110294,174.0,67.0,28.0,74.7578947368421,0.30508763016476864,0.2331040879704897,0.07111717378063646,0.4488629717888964,129.036209,35.116186
21030510010002,21030510,초량1동,21561.919459821405,385503.2304269581,281890.37005499576,7252212868,1284.5661264087655,152.0,54.0,23.0,60.252631578947366,0.24589152281936574,0.32781278931010116,0.08060638596312468,0.5087550590828207,129.034799,35.116279
21030510010003,21030510,초량1동,72677.97478215622,385930.3728265527,281573.4628024753,1771184802,1130.8261834860111,72.0,28.0,12.0,31.242105263157892,0.12749930812856003,0.28857937151885027,0.036793670208828094,0.23222683460252883,129.039411,35.113346
21030510010011,21030510,초량1동,13769.311843405028,385764.4452431086,281721.5621856862,436870905,882.4214020703031,110.0,37.0,20.0,41.28421052631579,0.16848122859845432,0.2251881123226405,0.0379399698298852,0.23946181635328384,129.037625,35.11471
21030510010001,21030510,초량1동,18716.015770110305,385634.9362189327,281718.061876654,1478526220,1052.449993752076,178.0,76.0,40.0,84.8,0.34606955063466294,0.26857828567050424,0.09294676663221953,0.586642574090403,129.036204,35.114703
21030510010010,21030510,초량1동,19490.8324546224,385597.42495218985,281640.6322227448,1478526220,1052.449993752076,145.0,76.0,40.0,84.8,0.34606955063466294,0.26857828567050424,0.09294676663221953,0.586642574090403,129.035776,35.114012
21030510010008,21030510,초량1동,13667.304271707966,385812.11546955945,281521.2752767726,1769331006,983.656701774235,48.0,12.0,0.0,13.389473684210525,0.05464256062652572,0.2510226920226113,0.013716522667479232,0.0865731693180818,129.038103,35.112897
21030510010009,21030510,초량1동,11136.619599871909,385735.5372432097,281586.2000917178,1771173831,914.9579485051106,88.0,28.0,13.0,31.242105263157892,0.12749930812856003,0.23349122402863753,0.029769969517741895,0.18789606331961434,129.037278,35.113496
21030510010006,21030510,초량1동,21985.328692625968,385680.160735824,281867.90154971596,1771195653,855.1005170361182,85.0,35.0,21.0,39.05263157894736,0.1593741351607,0.2182160029501824,0.03477798674841008,0.21950465203914774,129.036734,35.116044
21030510010007,21030510,초량1동,29539.478693097546,385656.9913922408,282029.9545010796,1771195664,854.2278718246032,222.0,93.0,60.0,103.76842105263157,0.42347984485557433,0.21799330965710564,0.09231577295314428,0.5826599960025369,129.036516,35.117508
21030510010004,21030510,초량1동,15429.029020042359,385410.6825847279,281867.9442481692,3037332100,1339.094295834557,146.0,64.0,30.0,71.41052631578947,0.2914269900081372,0.3417280179215042,0.09958876766431074,0.6285642107837488,129.03378,35.116094
21030520010010,21030520,초량2동,18972.106839787484,385900.38381755364,281951.53814243217,1478526224,654.5515593058782,109.0,44.0,24.0,54.8362652232747,0.22378728377714469,0.16703723381154842,0.03738080884433425,0.23593261730978718,129.039167,35.116757
21030520010008,21030520,초량2동,32934.28027922642,385881.54739523865,282143.85447183496,436870908,517.1026585322056,170.0,79.0,51.0,98.45602165087958,0.40179989587260073,0.13196118235424334,0.05302198932916025,0.33465345197570406,129.039003,35.118493
21030520010009,21030520,초량2동,28007.053909435537,385996.2020335383,282095.9947726615,4310023734,449.23474033278103,153.0,56.0,32.0,69.7916102841678,0.28482017935272963,0.11464173798136286,0.032652280373160404,0.20608804912846,129.04025,35.118041
21030520010006,21030520,초량2동,18808.975788747273,385727.33696094697,282097.86624460004,436867745,709.1715840064795,143.0,59.0,28.0,73.53044654939107,0.3000784032466258,0.18097590328226518,0.05430696008305792,0.34276367009313674,129.037303,35.118107
21030520010007,21030520,초량2동,32364.843105246113,385465.3746406172,282077.1999242185,1771195687,1086.9338934869209,228.0,104.0,61.0,129.6129905277402,0.5289517616550693,0.27737834907399167,0.14671976638766265,0.9260361015480937,129.034426,35.117969
21030520010004,21030520,초량2동,25510.360043763772,385799.9572431886,282266.8152694195,1478526230,593.7415725028708,141.0,51.0,24.0,63.560216508795676,0.2593898061962359,0.1515189269046598,0.03930246508486134,0.248061337913059,129.038137,35.119615
21030520010005,21030520,초량2동,93759.24816921639,385148.52383346064,282017.9466782893,7142059028,1261.8944902057551,143.0,61.0,31.0,76.02300405953993,0.31025055250922334,0.322027137525315,0.09990909734019263,0.6305860027451676,129.030939,35.117494
21030520010002,21030520,초량2동,29330.12940945395,385880.59772383346,281838.61161513114,1771191353,635.9652867092545,87.0,29.0,14.0,36.14208389715832,0.14749616430766355,0.1622941398302283,0.023937763114570278,0.15108552433097663,129.038925,35.115743
21030520010003,21030520,초량2동,25321.3684698989,385667.961368515,282237.3207528588,1771195593,743.0516191178775,208.0,98.0,47.0,122.13531799729365,0.49843531386727685,0.1896218644231223,0.09451423350983718,0.5965357940183817,129.036683,35.119374
21030520010001,21030520,초량2동,21663.91916930169,385408.5766502313,282171.49923390115,1771195649,958.0145852016273,183.0,76.0,48.0,94.7171853856563,0.3865416719787044,0.24447899327120384,0.09450131882272156,0.596454281712278,129.033824,35.118829
21030520010201,21030520,초량2동,8307.913077539897,385316.2717168506,281977.22291828983,436840187,1261.7826178549565,85.0,31.0,15.0,38.63464140730717,0.157668313570261,0.32199858844044654,0.05076897441140975,0.32043332879440917,129.032769,35.117096
21030520010601,21030520,초량2동,14153.89142393085,385223.26618831797,282110.005986275,1769313325,1155.7895403206621,139.0,51.0,22.0,63.560216508795676,0.2593898061962359,0.29494985526917944,0.07650698579588029,0.4828812954923696,129.031779,35.118309
21030530010001,21030530,초량3동,1422613.6029451513,386567.94280502875,281913.8809756363,12511792999,1068.7448769696919,59.0,6.0,0.0,4.852226720647773,0.019801980198019802,0.27273663221976496,0.0054007253904903955,0.03408720453471276,129.046477,35.116295
21030530010002,21030530,초량3동,113933.68727543161,386268.55927340157,282352.1643027034,436822812,0.0,26.0,5.0,0.0,4.043522267206478,0.0165016501650165,0.0,0.0,0.0,129.043293,35.120298
21030530010201,21030530,초량3동,4695.626141347446,386331.60752696637,282465.6714511964,436822818,223.88998407989487,26.0,0.0,0.0,0.0,0.0,0.05713524486669327,0.0,0.0,129.04401,35.121309
21030530010401,21030530,초량3동,4872.499030275056,386426.361716249,282577.6933203928,254615460,456.48266658650874,94.0,26.0,7.0,21.026315789473685,0.0858085808580858,0.11649136087978913,0.009995958359321839,0.06309046516503888,129.045074,35.1223
21030530010501,21030530,초량3동,3946.463389052373,386384.7845292754,282466.5297661682,1771266131,279.8800292412669,112.0,38.0,18.0,30.730769230769234,0.1254125412541254,0.07142353450831763,0.008957406968039835,0.056535546865216633,129.044593,35.121306
21030530010601,21030530,초량3동,4242.703104107192,386461.2563855255,282668.7821876328,1771266165,410.66193460536425,53.0,15.0,7.0,12.130566801619434,0.0495049504950495,0.1047982127808568,0.00518803033568598,0.032744758971861854,129.045477,35.123114
21030530010901,21030530,초량3동,5586.059030474815,386495.4876448463,282773.6253413688,436822820,609.8748468525366,137.0,39.0,24.0,31.539473684210527,0.12871287128712872,0.15563603193844622,0.020032360546532683,0.1264361954905406,129.045876,35.124052
21030530020001,21030530,초량3동,25515.637340486537,386017.6320086762,282579.90174579027,436879864,571.3507876085898,126.0,56.0,33.0,45.28744939271255,0.1848184818481848,0.14580494651849085,0.026947448861503256,0.17008144917869392,129.040593,35.122396
21030530020004,21030530,초량3동,30286.371921061906,386027.81127043604,282328.4008255495,4833838942,324.8868204018039,114.0,46.0,25.0,37.2004048582996,0.15181518151815182,0.08290897028691763,0.012586840373591455,0.07944306944690513,129.040648,35.120128
21030530020002,21030530,초량3동,21925.41165637721,385981.6759879625,282444.1861971686,1478526240,348.4576519632267,139.0,57.0,30.0,46.09615384615385,0.1881188118811881,0.08892409078687218,0.016728294306441297,0.10558225947658458,129.040169,35.12118
21030530020005,21030530,초량3동,41238.615264467335,386401.2319654899,282892.5365995409,12545770811,651.2312993607948,52.0,22.0,10.0,17.791497975708502,0.0726072607260726,0.16618992540799019,0.012066595244144501,0.07615949162106864,129.04487,35.125141
21030530020003,21030530,초량3동,41798.913437597905,385841.79148980835,282527.11992466275,1478526244,508.52999439570357,163.0,69.0,48.0,55.800607287449395,0.2277227722772277,0.12977349509966662,0.029552380072201307,0.1865227263327354,129.038654,35.121953
21030530020006,21030530,초량3동,8785.070815353947,386266.5775621233,282616.0113650305,13423328185,724.9083474239773,145.0,120.0,102.0,97.04453441295547,0.396039603960396,0.18499182134560785,0.07326408766162687,0.46241342793847096,129.043331,35.122675
21030530020007,21030530,초량3동,36453.79839795777,386150.3652582876,282333.4891048765,436724842,65.57215393187461,363.0,303.0,251.0,245.03744939271257,1.0,0.0167335804981666,0.0167335804981666,0.1056156237907316,129.041993,35.120151
21030530020101,21030530,초량3동,7521.951110330608,386140.545016871,282471.7068564022,436871302,208.574268004389,113.0,45.0,13.0,36.391700404858305,0.14851485148514854,0.053226775303488016,0.007904966629230894,0.04989296711977521,129.041917,35.121398
21030530020102,21030530,초량3동,5252.708764525737,386061.1667331068,282476.44834822626,1478526240,348.4576519632267,64.0,21.0,8.0,16.982793522267208,0.06930693069306931,0.08892409078687218,0.006163055797109953,0.0388987271755838,129.041047,35.121456
21030530020103,21030530,초량3동,5115.422992574206,386087.58195978956,282542.93108316994,436872936,492.8944119316955,67.0,13.0,7.0,10.513157894736842,0.0429042904290429,0.12578339774722908,0.0053966474280989375,0.03406146607773303,129.041352,35.12205
21030530020401,21030530,초량3동,11871.779880250346,385889.63326607697,282719.09487228346,436798152,652.1677711627879,90.0,34.0,14.0,27.49595141700405,0.11221122112211221,0.1664289068253033,0.01867519086488552,0.11787028680574128,129.039221,35.123673
21030530020402,21030530,초량3동,10255.13079304621,385801.80789696355,282761.5660452801,1478526248,770.4135320074139,43.0,11.0,6.0,8.895748987854251,0.0363036303630363,0.1966044438332263,0.00713745505665178,0.04504874304511109,129.038268,35.124072
21030530020501,21030530,초량3동,4609.513576783774,385970.16053995484,282660.594902257,436879864,571.3507876085898,61.0,13.0,5.0,10.513157894736842,0.0429042904290429,0.14580494651849085,0.006255657771420399,0.039483193559339665,129.040091,35.123131
21030530020504,21030530,초량3동,5034.010029895285,386032.3304770447,282758.6495291592,1478531044,791.8354960128544,71.0,25.0,14.0,20.21761133603239,0.08250825082508251,0.20207118752882444,0.01667254022515053,0.10523036215998526,129.040795,35.124003
21030530020502,21030530,초량3동,4318.016543429159,385992.0220822738,282713.5744913475,7142059085,763.5543713170966,38.0,12.0,0.0,9.704453441295547,0.039603960396039604,0.1948540313383046,0.007716991340130875,0.04870654276679726,129.040343,35.123604
21030530020503,21030530,초량3동,3477.5912117980815,386077.9938141947,282789.7521226082,1478526264,806.1303535852279,48.0,12.0,0.0,9.704453441295547,0.039603960396039604,0.20571914074606445,0.008147292702814434,0.05142243174481994,129.041302,35.124275
21030550010007,21030550,초량6동,35645.39560047289,385474.0818316606,282791.1340278421,436840213,1162.1709690754437,219.0,104.0,64.0,119.34030197444831,0.48702882873705544,0.2965783537301633,0.14444220824596554,0.9116610714174318,129.034681,35.124399
21030550010004,21030550,초량6동,38149.89362492674,385708.5279914231,282477.15206462215,1781803957,623.5980671766961,141.0,68.0,36.0,78.03019744483159,0.3184419264819209,0.15913810710631365,0.050676245403620784,0.3198480606264758,129.037181,35.121527
21030550010005,21030550,초량6동,28686.048022417246,385662.4495086922,282697.92698589526,7142059102,932.2217749407773,190.0,85.0,46.0,97.53774680603948,0.3980524081024011,0.23789683848607537,0.09469540943933027,0.5976793035506887,129.036726,35.123524
21030550010002,21030550,초량6동,31980.98115251385,385359.8684739657,282253.7829529876,3946654788,995.9557512269959,223.0,96.0,55.0,110.16027874564459,0.4495650726803589,0.25416132819250936,0.11426205598140202,0.721176099724113,129.033309,35.119579
21030550010003,21030550,초량6동,36943.24166431577,385590.64844731166,282457.7227160731,1781768156,959.9653357269732,151.0,73.0,38.0,83.7677119628339,0.3418567740173562,0.2449768119181501,0.0837469826313954,0.5285772409661808,129.035885,35.121374
21030550010001,21030550,초량6동,33333.700005432685,385441.2520845278,282959.0253550283,436798166,1172.8618350624122,154.0,74.0,45.0,84.91521486643437,0.3465397435244433,0.2993065921036337,0.10372162966276838,0.6546491719823361,129.034359,35.125917
21030550010010,21030550,초량6동,34463.86200307888,385497.3429970523,282631.7898979091,7142058990,1183.7280222141903,248.0,112.0,63.0,128.520325203252,0.524492584793752,0.30207957128015017,0.15843849515411443,1.0,129.034901,35.122959
21030550010008,21030550,초량6동,26374.700581749534,385219.4476298588,282307.49012739817,1781768334,1105.1369911000218,187.0,76.0,42.0,87.2102206736353,0.3559056825386175,0.2820236593308619,0.10037382296618894,0.6335191638152994,129.031781,35.120089
21030550010009,21030550,초량6동,44022.72384846489,385414.3763642655,282392.1851073839,1781768062,936.5597787213793,223.0,98.0,55.0,112.45528455284551,0.458931011694533,0.23900386839300006,0.10968628712050653,0.6922956887075566,129.033937,35.120816
21030550010006,21030550,초량6동,976451.1831614792,384961.8961784856,282721.00622822944,11283030115,1488.4298982528182,168.0,75.0,40.0,86.06271777003484,0.35122271303153035,0.37983747711212956,0.13340754922237397,0.8420147458015639,129.02905,35.123861
21030700010010,21030700,좌천동,32743.981361538663,386706.8684498011,284036.0905465828,436872090,794.0405677276757,173.0,83.0,45.0,85.81269254467036,0.3502023578736387,0.20263390726321853,0.07096287210872737,0.44788908175188863,129.048479,35.135385
21030700010013,21030700,좌천동,23729.542577615663,386484.14282734,283916.3292072476,1781803557,707.6039010616363,203.0,88.0,50.0,90.98213185459025,0.37129888545638795,0.18057584095122764,0.0670476084855408,0.4231775139010443,129.046009,35.134348
21030700010003,21030700,좌천동,33947.833615827396,386914.85897934844,283989.63644374016,12865994543,1037.7835183467273,176.0,87.0,44.0,89.94824399260628,0.36707957993983814,0.26483549803728484,0.09721570337268434,0.6135863842819375,129.050749,35.134928
21030700010006,21030700,좌천동,34773.77189695939,387206.8744448099,284145.4565358216,3946834223,1416.4896511351624,208.0,89.0,46.0,92.01601971657423,0.37551819097293787,0.36147880130209004,0.1357418655400269,0.8567480106901398,129.053986,35.136278
21030700010009,21030700,좌천동,25526.590822761475,386707.489970363,283913.3034051696,1781811966,885.0486344492901,193.0,80.0,44.0,82.71102895871842,0.3375444413239891,0.22585856466963591,0.07623730302965032,0.48117916643612185,129.048458,35.134279
21030700010011,21030700,좌천동,30839.636082788333,386673.31340252096,284307.1680000016,1781764023,1249.5158049348624,189.0,91.0,43.0,94.0837954405422,0.3839568020060376,0.3188681788207228,0.12243160620149407,0.7727390119579451,129.048172,35.137833
21030700010001,21030700,좌천동,18987.669351811946,386948.19163137564,283640.8211106305,6469877667,477.4558483777362,250.0,192.0,153.0,198.5064695009242,0.8101066591775739,0.12184357831908217,0.09870629417431273,0.6229943933657052,129.051035,35.13178
21030700010004,21030700,좌천동,27572.106419747448,387099.0810194252,283897.21399028995,1478474312,890.2442130998315,150.0,58.0,29.0,59.96549599507085,0.24471971995989208,0.22718444201802554,0.05559651302989555,0.35090280916778693,129.052748,35.134061
21030700010015,21030700,좌천동,25872.172241720276,386602.78782190377,283873.4592144726,1781803871,597.6179409507622,185.0,82.0,52.0,84.77880468268637,0.3459830523570888,0.15250815052434957,0.05276523542774882,0.33303292470951357,129.047301,35.13394
21030700010007,21030700,좌천동,31966.846588845638,386797.2364966754,284132.4648851088,1781811988,1048.841954541489,229.0,103.0,54.0,106.49044978434996,0.434588468204636,0.26765753789952784,0.11632087939918011,0.7341705643318174,129.049491,35.136237
21030700010016,21030700,좌천동,14972.537107749622,386647.0818441543,283682.4717212372,1781803618,448.2441904303247,130.0,53.0,19.0,54.79605668515095,0.2236231923771428,0.1143889561900643,0.025580023555911307,0.16145081112408577,129.047743,35.132211
21030700010014,21030700,좌천동,28735.421084703135,386724.45847384614,283559.3495575513,7469052027,268.34551808817616,142.0,71.0,35.0,73.4060382008626,0.2995706916750403,0.06848000346177349,0.020514602002952638,0.12947990943108817,129.048564,35.131088
21030700010012,21030700,좌천동,39922.59894663048,386968.2756835759,283831.50940039975,884174719,1239.3689156501616,156.0,79.0,44.0,81.67714109673443,0.3333251358074392,0.31627875970803165,0.10542366053268809,0.6653917056592946,129.051299,35.133494
21030700010002,21030700,좌천동,59347.18852588743,387128.4616299623,284076.6836014051,1478504190,1013.7098019209568,243.0,111.0,63.0,114.7615526802218,0.46834291233703484,0.2586920446421258,0.12115658558611543,0.764691595109291,129.053111,35.135673
21030700010005,21030700,좌천동,33044.04348742044,386780.07917581784,283687.0823959848,1478503976,430.0514626614844,174.0,84.0,44.0,86.84658040665434,0.35442166339018855,0.10974629224894375,0.0388964634497764,0.24549881903347726,129.049203,35.132228
21030700010008,21030700,좌천동,22663.636299844813,386545.5787865836,283735.3195129914,1781803735,534.6282298964978,168.0,73.0,43.0,75.47381392483055,0.30800930270814003,0.13643359238831712,0.042022815657492156,0.2652310956161015,129.046642,35.132706
21030700010301,21030700,좌천동,11304.577537083422,386580.77270114335,284077.5641988077,12865995215,1048.3577975745488,68.0,26.0,15.0,26.881084411583487,0.10970194343029646,0.2675339842400208,0.029348998004780583,0.18523906059718992,129.047105,35.135782
21030700010402,21030700,좌천동,5533.307998827539,386957.5015170257,283741.70094482775,884175583,3918.5967366075038,95.0,35.0,16.0,36.186075169439306,0.14767569307924522,1.0,0.14767569307924522,0.9320695260050271,129.05116,35.132687
21030700010401,21030700,좌천동,6217.370932141808,386894.9955820933,283705.8521806472,6469877667,477.4558483777362,122.0,48.0,24.0,49.62661737523105,0.20252666479439346,0.12184357831908217,0.024676573543578183,0.1557485983414263,129.050467,35.132376
21030700020002,21030700,좌천동,63011.239067628274,387315.8526668876,283909.8229410805,12545867335,1017.0412335857,114.0,55.0,26.0,56.86383240911891,0.23206180341024252,0.25954220399473815,0.06022983192008798,0.38014645280177606,129.055128,35.134135
21030700020201,21030700,좌천동,8154.699710530868,387173.95911482244,283705.40008622955,1478474217,1105.7608022745474,46.0,7.0,0.0,7.237215033887861,0.029535138615849044,0.2821828518215558,0.00833430964356524,0.05260280738881286,129.053526,35.13232
21030700020101,21030700,좌천동,21787.414199097337,387040.68700607686,283600.7317393076,884174674,893.2643324070636,83.0,28.0,20.0,28.948860135551445,0.11814055446339618,0.22795515651360457,0.0269307485833075,0.16997604374562975,129.052041,35.131402
